"INDICATOR_NAME","TAXA","YEAR","AREA_ID","AREA_NAME","DESCRIPTION","MEAN_REMA_BIOMASS_MT","LCI_REMA_BIOMASS_MT","UCI_REMA_BIOMASS_MT","LOG_MEAN_REMA_BIOMASS_MT","SD_LOG_REMA_BIOMASS_MT","OBS_REMA_BIOMASS_MT","CV_OBS_REMA_BIOMASS_MT","LOG_OBS_REMA_BIOMASS_MT","SD_LOG_OBS_REMA_BIOMASS_MT","LCI_OBS_REMA_BIOMASS_MT","UCI_OBS_REMA_BIOMASS_MT","DBI_BIOMASS_MT","DBI_BIOMASS_VAR","DBI_BIOMASS_PLUS1_SD","DBI_BIOMASS_PLUS2_SD","DBI_BIOMASS_MINUS1_SD","DBI_BIOMASS_MINUS2_SD","DBI_CV"
"misc_species","Eelpouts",1991,"299","Western Aleutians","Western Aleutians",48.5053336254312,22.6676023326659,103.794276764943,3.88167376355537,0.3881382895388,45.7850774048125,0.475521108086899,3.82395821717337,0.451503019311244,18.8974796328154,110.928724554596,45.7850774048125,474.010001215247,67.5568481461933,89.3286188875742,24.0133066634316,2.24153592205078,0.475521108086899
"misc_species","Eelpouts",1991,"3499","Central Aleutians","Central Aleutians",220.047237733573,110.987976049996,436.270563329888,5.39384224027476,0.349200482306008,225.811658721143,0.650928415908227,5.4197012833372,0.594360662524803,70.4410219039645,723.880827338258,225.811658721143,21605.244402852,372.798884026107,519.78610933107,78.8244334161803,0,0.650928415908227
"misc_species","Eelpouts",1991,"5699","Eastern Aleutians","Eastern Aleutians",42.1223974003334,25.5243865085795,69.5137711597975,3.74057960398249,0.255589020561308,38.1699946249922,0.262532439670339,3.64204972593953,0.258170221400658,23.0126805005014,63.3106816757043,38.1699946249922,100.417671437221,48.1908564360951,58.211718247198,28.1491328138893,18.1282710027863,0.262532439670339
"misc_species","Eelpouts",1991,"799","Southern Bering Sea","Southern Bering Sea",4.98474511761963,1.51787135558424,16.3700855123316,1.60638227224095,0.606681220792758,3.7504044644186,0.84496413160635,1.32186369134444,0.734036130120417,0.889744721617474,15.8085047373601,3.7504044644186,10.0422900615178,6.91936171586863,10.0883189673187,0.58144721296856,0,0.84496413160635
"misc_species","Eelpouts",1991,"99904","All","AI Region: All Strata",315.659713876958,192.204248724362,518.412343255622,NA,NA,NA,NA,NA,NA,NA,NA,313.517135215367,22189.714365566,462.479259144794,611.441383074221,164.55501128594,15.5928873565127,0.475132320366156
"misc_species","Eelpouts",1994,"299","Western Aleutians","Western Aleutians",54.5449799477353,27.2066358530767,109.354013982673,3.99902568142174,0.354886507188057,57.3099868979315,0.491573554161596,4.04847489994613,0.465227641369636,23.026494281367,142.637196878851,57.3099868979315,793.665750552469,85.4820608463023,113.654134794673,29.1379129495608,0.965839001190076,0.491573554161596
"misc_species","Eelpouts",1994,"3499","Central Aleutians","Central Aleutians",218.269594700799,132.474859456854,359.627601540255,5.38573097167841,0.254769010115501,210.17418768711,0.372200952897816,5.34793665207805,0.360195882965211,103.748084271429,425.773540592511,210.17418768711,6119.46868129209,288.401220618777,366.628253550444,131.947154755444,53.7201218237767,0.372200952897816
"misc_species","Eelpouts",1994,"5699","Eastern Aleutians","Eastern Aleutians",181.289348177517,106.084279043971,309.808654579311,5.20009436356662,0.273403238158335,211.175851627254,0.286808919104763,5.35269120640881,0.281159834128813,121.70840460299,366.410524038703,211.175851627254,3668.37575208698,271.742969373495,332.310087119735,150.608733881013,90.0416161347727,0.286808919104763
"misc_species","Eelpouts",1994,"799","Southern Bering Sea","Southern Bering Sea",7.94183808184346,3.59292194187726,17.5547348755549,2.07214474492171,0.404690580203439,9.87558453984798,0.482908088415803,2.29006550294395,0.457834682973749,4.02580951924601,24.2254804996214,9.87558453984798,22.743357681984,14.6445841919746,19.4135838441013,5.10658488772134,0.337585235594695,0.482908088415803
"misc_species","Eelpouts",1994,"99904","All","AI Region: All Strata",462.045760907894,333.251484069518,640.616157401479,NA,NA,NA,NA,NA,NA,NA,NA,488.535610752144,10604.2535416135,591.512567114301,694.489523476457,385.558654389987,282.58169802783,0.210787001184242
"misc_species","Eelpouts",1997,"299","Western Aleutians","Western Aleutians",55.7945491074078,27.5602717407665,112.953592743217,4.02167617836848,0.359853996229114,62.5596559926087,0.507732742621351,4.13612059738256,0.478913593953188,24.4704728646374,159.936041267486,62.5596559926087,1008.92537744718,94.3232417071841,126.08682742176,30.7960702780332,0,0.507732742621351
"misc_species","Eelpouts",1997,"3499","Central Aleutians","Central Aleutians",223.608571553714,142.780295492642,350.193933271898,5.40989707486514,0.228876665472082,234.002810409075,0.351650950180799,5.45533312558077,0.341452460042296,119.832939438492,456.947109333419,234.002810409075,6771.20148994929,316.290121034403,398.577431659732,151.715499783746,69.4281891584179,0.351650950180799
"misc_species","Eelpouts",1997,"5699","Eastern Aleutians","Eastern Aleutians",116.017075351137,67.3537332374198,199.839877109492,4.75373738157622,0.277443388830416,120.130438371575,0.306050089034104,4.78857813886985,0.299225594610587,66.8269705750478,215.950567550272,120.130438371575,1351.73370871872,156.896369730902,193.662301090229,83.3645070122488,46.5985756529222,0.306050089034104
"misc_species","Eelpouts",1997,"799","Southern Bering Sea","Southern Bering Sea",5.05759630227637,1.70651420800314,14.9891985878811,1.62089133135675,0.554315551092554,2.95057405019954,0.891141695426215,1.08199974470889,0.764540507410054,0.659368899346263,13.2033634500239,2.95057405019954,6.91363687883053,5.57995361177496,8.20933317335038,0.321194488624128,0,0.891141695426215
"misc_species","Eelpouts",1997,"99904","All","AI Region: All Strata",400.477792314535,293.117863924284,547.160312885444,NA,NA,NA,NA,NA,NA,NA,NA,419.643478823458,9138.77421299402,515.240415034793,610.837351246128,324.046542612124,228.449606400789,0.227805127531964
"misc_species","Eelpouts",2000,"299","Western Aleutians","Western Aleutians",46.4092657563754,22.2847564193257,96.6499210275438,3.83749913232154,0.374290681880715,39.4395033268385,0.600448658980653,3.67476793652224,0.554869935150055,13.2930700096112,117.013934444267,39.4395033268385,560.808558352099,63.1209002103016,86.8022970937648,15.7581064433753,0,0.600448658980653
"misc_species","Eelpouts",2000,"3499","Central Aleutians","Central Aleutians",219.396923413451,144.485618310739,333.14741332778,5.39088252501469,0.213117461836788,222.738509118963,0.331291298523738,5.40599847857344,0.322704665425816,118.333742280844,419.258636533206,222.738509118963,5445.16037095831,296.529839036225,370.321168953488,148.9471792017,75.1558492844374,0.331291298523738
"misc_species","Eelpouts",2000,"5699","Eastern Aleutians","Eastern Aleutians",50.5615558441033,24.7597312276521,103.251158337344,3.9231915215982,0.36427859622695,34.6102677629829,0.391797327300811,3.54415039419585,0.377895831611549,16.5021087262152,72.5889432980428,34.6102677629829,183.879306274032,48.170478169685,61.7306885763871,21.0500573562808,7.48984694957865,0.391797327300811
"misc_species","Eelpouts",2000,"799","Southern Bering Sea","Southern Bering Sea",7.26330839255273,3.03418922565031,17.3870661590066,1.98283542648988,0.445360826024576,6.81681759947065,0.62423200561548,1.91939273530721,0.573640253453652,2.21461483382528,20.9828822035782,6.81681759947065,18.1073714705189,11.0720933215031,15.3273690435356,2.56154187743818,0,0.62423200561548
"misc_species","Eelpouts",2000,"99904","All","AI Region: All Strata",323.631053406482,234.391404625236,446.846841062502,NA,NA,NA,NA,NA,NA,NA,NA,303.605097808255,6207.95560705496,382.395678508329,461.186259208404,224.81451710818,146.023936408106,0.259516659202592
"misc_species","Eelpouts",2002,"299","Western Aleutians","Western Aleutians",47.5020278792606,23.6534284634305,95.3960080725984,3.86077240232427,0.355753644787187,41.5723764742665,0.596549005155211,3.7274359196427,0.551764299732505,14.0975040532127,122.593508694491,41.5723764742665,615.038007453628,66.3723363019281,91.1722961295897,16.7724166466049,0,0.596549005155211
"misc_species","Eelpouts",2002,"3499","Central Aleutians","Central Aleutians",214.322948506641,140.66951262404,326.540736508744,5.36748398263818,0.214835950492884,190.538067519209,0.380020928940851,5.24985200410066,0.367279704669362,92.7582837990072,391.390975415428,190.538067519209,5242.98412627722,262.946520936453,335.354974353697,118.129614101964,45.7211606847203,0.380020928940851
"misc_species","Eelpouts",2002,"5699","Eastern Aleutians","Eastern Aleutians",166.758249923341,93.8256150866417,296.382964202433,5.11654515837454,0.293427462051181,196.481091276271,0.328989436829931,5.28056619907747,0.320574175612996,104.820814153556,368.293449548679,196.481091276271,4178.35591714577,261.121294842981,325.761498409691,131.84088770956,67.2006841428496,0.328989436829931
"misc_species","Eelpouts",2002,"799","Southern Bering Sea","Southern Bering Sea",10.3553545360465,4.53250145827418,23.6587607426937,2.33750373241175,0.421553535444966,12.3942628182605,0.578549839667663,2.51723368959672,0.537328083972669,4.3236069548122,35.5299990063015,12.3942628182605,51.4189207970668,19.5649615845641,26.7356603508676,5.22356405195702,0,0.578549839667663
"misc_species","Eelpouts",2002,"99904","All","AI Region: All Strata",438.938580845289,321.947155325583,598.443174811199,NA,NA,NA,NA,NA,NA,NA,NA,440.985798088006,10087.7969716737,541.423823614565,641.861849141124,340.547772561447,240.109747034889,0.227757959467245
"misc_species","Eelpouts",2004,"299","Western Aleutians","Western Aleutians",54.8757564818353,30.0388805978378,100.24836443707,4.00507165684629,0.30744396280655,59.6480938056032,0.405299568900077,4.08846219171484,0.389990180023018,27.7738653871984,128.102266106681,59.6480938056032,584.447388312869,83.8234405107255,107.998787215848,35.4727471004808,11.2974003953585,0.405299568900077
"misc_species","Eelpouts",2004,"3499","Central Aleutians","Central Aleutians",223.296569321281,147.651314111713,337.696675242108,5.40850079518703,0.211048412174194,220.628865729148,0.35974764036361,5.39648194925257,0.348859253492028,111.355788460984,437.131262466749,220.628865729148,6299.71021581414,299.999579571308,379.370293413469,141.258151886987,61.8874380448264,0.35974764036361
"misc_species","Eelpouts",2004,"5699","Eastern Aleutians","Eastern Aleutians",192.361218078759,88.5616703049101,417.820012804031,5.25937494867658,0.39576023123772,212.606770376581,0.541886432387181,5.35944431101029,0.507405804367913,78.6452480632367,574.753591896799,212.606770376581,13273.0501550007,327.815494677307,443.024218978032,97.3980460758547,0,0.541886432387181
"misc_species","Eelpouts",2004,"799","Southern Bering Sea","Southern Bering Sea",10.2381150191671,4.08284305865631,25.6730414664019,2.32611752250706,0.469051449879917,10.387064725025,0.793234424421138,2.34056125557554,0.698642895679307,2.64123429000053,40.8487478790973,10.387064725025,67.887338433148,18.6264420336053,26.8658193421856,2.14768741644468,0,0.793234424421138
"misc_species","Eelpouts",2004,"99904","All","AI Region: All Strata",480.771658901043,331.439652467299,697.386043829701,NA,NA,NA,NA,NA,NA,NA,NA,503.270794636356,20225.0950975608,645.485755514461,787.700716392566,361.055833758252,218.840872880147,0.282581390364334
"misc_species","Eelpouts",2006,"299","Western Aleutians","Western Aleutians",54.4813906372908,25.9256862216826,114.489618534789,3.99785918716326,0.378897250030998,68.8975683561936,0.556196700258752,4.23262088503389,0.519167095851797,24.9050868857484,190.598609319155,68.8975683561936,1468.46839781564,107.21816853176,145.538768707327,30.5769681806269,0,0.556196700258752
"misc_species","Eelpouts",2006,"3499","Central Aleutians","Central Aleutians",234.349249310254,152.755194704702,359.526697330637,5.45681252107899,0.218359071439375,260.610497796007,0.29015923256703,5.56302694705671,0.284315598975463,149.273263999885,454.989927476464,260.610497796007,5718.16390016465,336.229039835408,411.847581874809,184.991955756606,109.373413717205,0.29015923256703
"misc_species","Eelpouts",2006,"5699","Eastern Aleutians","Eastern Aleutians",171.80728821073,89.6939437533372,329.094061952501,5.1463734312972,0.331623533046468,179.123927218851,0.383137193752498,5.18807789712189,0.370095012554154,86.7217746533345,369.980681674975,179.123927218851,4709.94496778648,247.752966027409,316.382004835966,110.494888410294,41.8658496017364,0.383137193752498
"misc_species","Eelpouts",2006,"799","Southern Bering Sea","Southern Bering Sea",9.94759036477448,4.53473128712082,21.821481318286,2.29733034744702,0.400805588749322,10.8292725618566,0.500752366329271,2.38225288995334,0.473017669737844,4.28514886848378,27.3673442436263,10.8292725618566,29.4065848028439,16.252056422831,21.6748402838053,5.40648870088228,0,0.500752366329271
"misc_species","Eelpouts",2006,"99904","All","AI Region: All Strata",470.58551852305,338.057657874987,655.067930233071,NA,NA,NA,NA,NA,NA,NA,NA,519.461265932908,11925.9838505696,628.667418921509,737.873571910109,410.255112944308,301.048959955707,0.210229636260705
"misc_species","Eelpouts",2010,"299","Western Aleutians","Western Aleutians",33.1838545098869,14.6298074492935,75.268810197944,3.50206344769224,0.417866042727149,72.9115626102787,0.602485403447871,4.289247235632,0.556488844273326,24.4969628131991,217.010410752154,72.9115626102787,1929.68255704779,116.839714825547,160.767867040816,28.9834103950102,0,0.602485403447871
"misc_species","Eelpouts",2010,"3499","Central Aleutians","Central Aleutians",212.579514416299,120.465741886197,375.127810130119,5.35931610386301,0.289776085444756,358.299230594421,0.474526980250385,5.88136847693049,0.450648853081741,148.133360903708,866.640288597814,358.299230594421,28907.7021659118,528.321882514427,698.344534434434,188.276578674414,18.2539267544068,0.474526980250385
"misc_species","Eelpouts",2010,"5699","Eastern Aleutians","Eastern Aleutians",91.7943066405006,35.3020014123177,238.688867330626,4.51955027653652,0.487565396359032,54.422041647358,0.659202990821854,3.99676924914086,0.60070810173584,16.7668379571431,176.643838548281,54.422041647358,1287.02801055569,90.2972142679279,126.172386888498,18.5468690267881,0,0.659202990821854
"misc_species","Eelpouts",2010,"799","Southern Bering Sea","Southern Bering Sea",6.0097199506704,2.31384303523949,15.6089818260934,1.79337815023521,0.486982599653271,4.75139491444641,0.7281144733165,1.55843824113431,0.652201056654909,1.32332519933217,17.0598683108432,4.75139491444641,11.9685512812272,8.21095432009725,11.6705137257481,1.29183550879557,0,0.7281144733165
"misc_species","Eelpouts",2010,"99904","All","AI Region: All Strata",343.567395517357,220.864572412999,534.438610832784,NA,NA,NA,NA,NA,NA,NA,NA,490.384229766504,32136.3812847965,669.650459951657,848.916690136811,311.11799958135,131.851769396196,0.365562796076275
"misc_species","Eelpouts",2012,"299","Western Aleutians","Western Aleutians",12.8294132941724,5.67911498732948,28.9823054894834,2.551740448367,0.4157959259925,3.7185299687298,0.730300409428822,1.31332842048864,0.653794697900281,1.03242908359103,13.3931379385851,3.7185299687298,7.3747221100801,6.43417392736652,9.14981788600323,1.00288601009308,0,0.730300409428822
"misc_species","Eelpouts",2012,"3499","Central Aleutians","Central Aleutians",167.449334256238,98.3742449939343,285.026630136639,5.12068082345589,0.271383451797639,55.9523096935227,0.815286826539599,4.02449971529145,0.713891089373404,13.8087008689853,226.716545585503,55.9523096935227,2080.9272030795,101.569490701116,147.186671708709,10.3351286859297,0,0.815286826539599
"misc_species","Eelpouts",2012,"5699","Eastern Aleutians","Eastern Aleutians",174.115135667941,75.8259224440437,399.811561686409,5.15971677962915,0.424128487692311,251.438783223488,0.558278383480965,5.52719955324553,0.520869233555487,90.5873532833713,697.90604778066,251.438783223488,19704.5334916388,391.811620665917,532.184458108347,111.065945781058,0,0.558278383480965
"misc_species","Eelpouts",2012,"799","Southern Bering Sea","Southern Bering Sea",6.46361467145571,2.90247756016664,14.3940181293457,1.86618870797162,0.408489141094201,5.14317168662323,0.549576919782131,1.63766994881837,0.513739490832721,1.87903631938974,14.0775432199596,5.14317168662323,7.98948922201082,7.96974014006829,10.7963085935134,2.31660323317816,0,0.549576919782131
"misc_species","Eelpouts",2012,"99904","All","AI Region: All Strata",360.857497889807,225.07244620949,578.560974372177,NA,NA,NA,NA,NA,NA,NA,NA,316.252794572363,21800.8249060504,463.903818632647,611.55484269293,168.60177051208,20.9507464517969,0.466876582892925
"misc_species","Eelpouts",2014,"299","Western Aleutians","Western Aleutians",11.0455110598204,5.2610357674263,23.1899800659024,2.4020241064961,0.378423374624492,15.1174630969798,0.65358446091479,2.7158505720827,0.596401976477224,4.69700080240725,48.656089300947,15.1174630969798,97.6250503107898,24.9980020656186,34.8785410342574,5.23692412834103,0,0.65358446091479
"misc_species","Eelpouts",2014,"3499","Central Aleutians","Central Aleutians",154.613447091383,92.0070021461553,259.820638254313,5.04092811226331,0.264833145874372,250.633996336647,0.479857880560586,5.52399369302417,0.455223509509102,102.695881046037,611.683735314742,250.633996336647,14464.5597856128,370.902694615179,491.171392893712,130.365298058114,10.096599779581,0.479857880560586
"misc_species","Eelpouts",2014,"5699","Eastern Aleutians","Eastern Aleutians",135.414283349472,54.4068346579124,337.035378925214,4.90833884494013,0.465237662053224,117.278606648902,0.711183689617075,4.76455235751611,0.639775370126054,33.4688673491818,410.957186988406,117.278606648902,6956.66629323052,200.685238838618,284.091871028333,33.8719744591863,0,0.711183689617075
"misc_species","Eelpouts",2014,"799","Southern Bering Sea","Southern Bering Sea",11.5668461752293,3.90521018680187,34.2598538981547,2.44814291763655,0.55400574669383,32.423668377968,0.743504132106849,3.47888866160186,0.663369217636492,8.83489204411732,118.993448458087,32.423668377968,581.153785160432,56.5307997950493,80.6379312121307,8.3165369608866,0,0.743504132106849
"misc_species","Eelpouts",2014,"99904","All","AI Region: All Strata",312.640087675905,194.722528256663,501.964643213555,NA,NA,NA,NA,NA,NA,NA,NA,415.453734460496,22100.0049143145,564.114438462309,712.775142464121,266.793030458684,118.132326456871,0.357827338331335
"misc_species","Eelpouts",2016,"299","Western Aleutians","Western Aleutians",7.45212779606603,3.6583227672735,15.1802375628788,2.00849960182284,0.363014231568988,7.04405422394526,0.55323334964102,1.95218388849548,0.516740203359452,2.55842465656961,19.3942392567506,7.04405422394526,15.1866535300089,10.9410599373115,14.8380656506777,3.14704851057905,0,0.55323334964102
"misc_species","Eelpouts",2016,"3499","Central Aleutians","Central Aleutians",120.179055270005,74.8726107990683,192.901051151414,4.78898275791637,0.241430258370447,158.471364007833,0.585218058683165,5.06557390827448,0.542695845724851,54.702510058237,459.086304883768,158.471364007833,8600.76398629753,251.21166800937,343.951972010907,65.7310600062959,0,0.585218058683165
"misc_species","Eelpouts",2016,"5699","Eastern Aleutians","Eastern Aleutians",132.71201461439,51.3773285251487,342.806434834169,4.88818147691106,0.484184652634817,130.527792074869,0.740930102637863,4.87158617017964,0.661509623695619,35.6964460107205,477.288537318906,130.527792074869,9353.20521461295,227.239762453995,323.951732833121,33.8158216957425,0,0.740930102637863
"misc_species","Eelpouts",2016,"799","Southern Bering Sea","Southern Bering Sea",5.22128742231683,2.29548046977534,11.8763120424684,1.65274400411347,0.419294351311042,5.92561687682506,0.543568510639741,1.77928479583376,0.508793706930864,2.18598702598487,16.0627373143234,5.92561687682506,10.374704045835,9.14659561718257,12.3675743575401,2.70463813646755,0,0.543568510639741
"misc_species","Eelpouts",2016,"99904","All","AI Region: All Strata",265.564485102778,157.728828078757,447.124958746852,NA,NA,NA,NA,NA,NA,NA,NA,301.968827183472,17979.5305584863,436.056599028955,570.144370874438,167.881055337989,33.7932834925057,0.444045079408191
"misc_species","Eelpouts",2018,"299","Western Aleutians","Western Aleutians",5.32948928589447,2.36657545515292,12.0019228571897,1.67325541480532,0.41419713150269,5.32828878080673,0.714621183902937,1.67303013237115,0.642310015003254,1.51304720822647,18.7638965772583,5.32828878080673,14.498640492878,9.13599681752358,12.9437048542404,1.52058074408989,0,0.714621183902937
"misc_species","Eelpouts",2018,"3499","Central Aleutians","Central Aleutians",87.153033032793,55.1718223283057,137.672653290595,4.46766557380213,0.233276335444982,69.362214407148,0.252188939937914,4.23934225824795,0.248311671046455,42.6343525439194,112.846015018219,69.362214407148,305.983474321742,86.854597730233,104.346981053318,51.8698310840631,34.3774477609781,0.252188939937914
"misc_species","Eelpouts",2018,"5699","Eastern Aleutians","Eastern Aleutians",133.351158197066,45.3827772209526,391.834358349689,4.89298593598262,0.549935237472629,204.968259654339,0.901952800447647,5.32285513619641,0.771536827563965,45.1807332947404,929.865108466912,204.968259654339,34177.5439072694,389.83995545245,574.711651250561,20.0965638562274,0,0.901952800447647
"misc_species","Eelpouts",2018,"799","Southern Bering Sea","Southern Bering Sea",1.76809425014704,0.569365986609775,5.49059366193857,0.56990227170128,0.578140273012989,1.21390122024342,1,0.19383932214677,0.832554611157698,0.237416871649258,6.20661944651261,1.21390122024342,1.47355617250847,2.42780244048684,3.64170366073027,0,0,1
"misc_species","Eelpouts",2018,"99904","All","AI Region: All Strata",227.6017747659,118.147376128182,438.457201287189,NA,NA,NA,NA,NA,NA,NA,NA,280.872664062537,34499.4995782565,466.613073177669,652.3534822928,95.1322549474051,0,0.661297566052125
"misc_species","Eelpouts",2022,"299","Western Aleutians","Western Aleutians",2.72663658833575,1.11078199575725,6.69307489070609,1.003068830713,0.458174012295128,2.44334096344853,0.817215351308416,0.893366350055803,0.715213208721588,0.601441635233641,9.92600896568534,2.44334096344853,3.98695363061179,4.44007670725935,6.43681245107018,0.446605219637696,0,0.817215351308416
"misc_species","Eelpouts",2022,"3499","Central Aleutians","Central Aleutians",79.2099886670719,42.7319337417511,146.827483693008,4.37210241040172,0.314881248706991,35.1157803041188,0.473568046935905,3.55865061075435,0.449824464088098,14.5415615296648,84.7995604771585,35.1157803041188,276.547304415312,51.7454917993706,68.3752032946225,18.4860688088669,1.85635731361505,0.473568046935905
"misc_species","Eelpouts",2022,"5699","Eastern Aleutians","Eastern Aleutians",52.0369535565369,15.6300043763466,173.246562844412,3.95195411151063,0.61366519822197,16.1055965040953,0.8385907612943,2.77916682053844,0.729745893985975,3.85315059673876,67.3189983729857,16.1055965040953,182.412155756859,29.6116009375633,43.1176053710314,2.59959207062721,0,0.8385907612943
"misc_species","Eelpouts",2022,"799","Southern Bering Sea","Southern Bering Sea",0.383770897293117,0.074593949099363,1.97442424469281,-0.957709526076427,0.83572268326077,0.155977355633765,1,-1.85804443846259,0.832554611157698,0.0305063173223159,0.797504831981313,0.155977355633765,0.0243289354705021,0.311954711267531,0.467932066901296,0,0,1
"misc_species","Eelpouts",2022,"99904","All","AI Region: All Strata",134.357349709238,74.3749085506129,242.714885606964,NA,NA,NA,NA,NA,NA,NA,NA,53.8206951272963,462.970742738253,75.3374500577744,96.8542049882525,32.3039401968182,10.7871852663402,0.399785897963354
"misc_species","Eelpouts",2024,"299","Western Aleutians","Western Aleutians",2.06935785846974,0.826004836008814,5.18428193120744,0.727238345851535,0.46857646560946,1.52986850613831,0.594462884453323,0.425181788010522,0.550099709002251,0.520485197912546,4.49676120562247,1.52986850613831,0.827099384338272,2.43931855113159,3.34876859612486,0.620418461145035,0,0.594462884453323
"misc_species","Eelpouts",2024,"3499","Central Aleutians","Central Aleutians",101.62450037596,62.5287559207101,165.164633848774,4.62128465150617,0.247789301065933,110.826466217688,0.447302716142397,4.70796561057012,0.427069066792485,47.9867830922023,255.956011693901,110.826466217688,2457.48028259086,160.399445577324,209.97242493696,61.2534868580528,11.6805074984172,0.447302716142397
"misc_species","Eelpouts",2024,"5699","Eastern Aleutians","Eastern Aleutians",138.519170254482,65.6010057480032,292.488816432118,4.9310087294389,0.381342569545911,144.87756433601,0.487097623559935,4.97588900183811,0.461413661356699,58.6469073793426,357.896257208748,144.87756433601,4980.05677128067,215.447081631232,286.016598926455,74.308047040788,3.73852974556576,0.487097623559935
"misc_species","Eelpouts",2024,"799","Southern Bering Sea","Southern Bering Sea",0.383770897293117,0.041554394797661,3.54427256915444,-0.957709526076427,1.13422618141415,NA,NA,NA,NA,NA,NA,0,0,0,0,0,0,NA
"misc_species","Eelpouts",2024,"99904","All","AI Region: All Strata",242.596799386204,151.191435514535,389.262836695352,NA,NA,NA,NA,NA,NA,NA,NA,257.233899059837,7438.36415325586,343.479850577899,429.72580209596,170.987947541775,84.7419960237133,0.335282215265102
"misc_species","Eelpouts",2026,"299","Western Aleutians","Western Aleutians",2.06935785846974,0.520497146114703,8.22721503542457,0.727238345851535,0.704201317294331,NA,NA,NA,NA,NA,NA,0,0,0,0,0,0,NA
"misc_species","Eelpouts",2026,"3499","Central Aleutians","Central Aleutians",125.883965009024,71.9173613961393,220.346969615654,4.83536057002413,0.285639365309819,178.775021458855,0.358697574450994,5.1861281519672,0.34790025581558,90.4010769378419,353.541234023015,178.775021458855,4112.16523892693,242.901188028571,307.027354598287,114.648854889139,50.5226883194238,0.358697574450994
"misc_species","Eelpouts",2026,"5699","Eastern Aleutians","Eastern Aleutians",320.958472348871,168.813321718298,610.226372681791,5.77131174513136,0.327821455404046,372.473266433846,0.351662154179133,5.92016526728134,0.341462728829423,190.73988032254,727.358819630675,372.473266433846,17157.0050595697,503.45801768211,634.442768930375,241.488515185581,110.503763937317,0.351662154179133
"misc_species","Eelpouts",2026,"799","Southern Bering Sea","Southern Bering Sea",0.383770897293117,0.026222251658338,5.6166077394171,-0.957709526076427,1.36912587364861,NA,NA,NA,NA,NA,NA,0,0,0,0,0,0,NA
"misc_species","Eelpouts",2026,"99904","All","AI Region: All Strata",449.295566113658,276.602747617478,729.8065817067,NA,NA,NA,NA,NA,NA,NA,NA,551.248287892701,21269.1702984967,697.0878240223,842.9273601519,405.408751763102,259.569215633503,0.26456233848292
"misc_species","Poachers",1991,"299","Western Aleutians","Western Aleutians",71.8822618290658,39.3052219051257,131.45987518235,4.27502952815743,0.308001652054205,78.1057442286852,0.393096044036818,4.35806360380406,0.379062753055914,37.1555910784959,164.188137086252,78.1057442286852,942.677836430775,108.808803301533,139.511862374381,47.4026851558375,16.6996260829898,0.393096044036818
"misc_species","Poachers",1991,"3499","Central Aleutians","Central Aleutians",52.5353126823601,32.116426436955,85.9360578005523,3.96148556600958,0.251085195256161,59.4483815249727,0.435203181051093,4.08510839862782,0.416473887600943,26.2806934020116,134.475525888073,59.4483815249727,669.366838976443,85.3205062729798,111.192631020987,33.5762567769655,7.70413202895841,0.435203181051093
"misc_species","Poachers",1991,"5699","Eastern Aleutians","Eastern Aleutians",31.7195940300509,15.0585559641923,66.8146831491491,3.45693459813654,0.380103038499825,29.4068182171475,0.564471858862953,3.38122655960505,0.525920303573268,10.4902022853919,82.4351079350092,29.4068182171475,275.537469024214,46.0061395594258,62.605460901704,12.8074968748693,0,0.564471858862953
"misc_species","Poachers",1991,"799","Southern Bering Sea","Southern Bering Sea",4.18069681653206,1.97642209134691,8.84336698536395,1.43047793516297,0.382246692070227,3.50653637506504,0.422701301794639,1.25462876255147,0.405452963936439,1.58400358367543,7.76248076479964,3.50653637506504,2.19696868923378,4.98875386559528,6.47097135612553,2.02431888453479,0.542101394004545,0.422701301794639
"misc_species","Poachers",1991,"99904","All","AI Region: All Strata",160.317865358009,113.155901999724,227.136344624882,NA,NA,NA,NA,NA,NA,NA,NA,170.46748034587,1889.77911312066,213.939070069743,257.410659793615,126.995890621998,83.5243008981261,0.25501397472216
"misc_species","Poachers",1994,"299","Western Aleutians","Western Aleutians",63.8994792280667,41.109430838008,99.3237649459993,4.15731121155477,0.225041714579974,64.1595871318084,0.278979342992039,4.16137352855951,0.273768647619398,37.5171003785209,109.722035535584,64.1595871318084,320.381341476129,82.0587865964808,99.9579860611532,46.260387667136,28.3611882024636,0.278979342992039
"misc_species","Poachers",1994,"3499","Central Aleutians","Central Aleutians",50.3842713387261,35.6605115299186,71.1872794142212,3.91967904975871,0.176347675524318,56.0847050161033,0.22347006243965,4.02686313749707,0.220753125211294,36.3863957848152,86.4469829698275,56.0847050161033,157.082419027324,68.6179575479612,81.1512100798192,43.5514524842453,31.0181999523874,0.22347006243965
"misc_species","Poachers",1994,"5699","Eastern Aleutians","Eastern Aleutians",33.871922581755,21.8665058231495,52.4687002424402,3.52258642877803,0.223284907592067,32.0561461189753,0.25763775118032,3.46748893156451,0.253509604290733,19.5039934599346,52.6864668054776,32.0561461189753,68.208989797594,40.3150195165759,48.5738929141764,23.7972727213748,15.5383993237742,0.25763775118032
"misc_species","Poachers",1994,"799","Southern Bering Sea","Southern Bering Sea",9.41651811837095,5.71420994926554,15.5175981038298,2.24246539375966,0.254856391039597,9.90485725030647,0.279206732156439,2.29302526816443,0.273983623111486,5.78939175149954,16.9458556891642,9.90485725030647,7.64800587693079,12.6703600756406,15.4358629009746,7.13935442497239,4.37385159963831,0.279206732156439
"misc_species","Poachers",1994,"99904","All","AI Region: All Strata",157.572191266919,124.91279725376,198.77063044404,NA,NA,NA,NA,NA,NA,NA,NA,162.205295517194,553.320756177978,185.728066531213,209.250837545232,138.682524503174,115.159753489155,0.145018514586817
"misc_species","Poachers",1997,"299","Western Aleutians","Western Aleutians",56.1794933719125,35.3921110674818,89.1762423978322,4.02855180369155,0.235750688906843,65.9186844474769,0.309168924791345,4.18842192859803,0.302140454498214,36.4607930230472,119.17658939945,65.9186844474769,415.344758455191,86.2986932417634,106.67870203605,45.5386756531905,25.1586668589041,0.309168924791345
"misc_species","Poachers",1997,"3499","Central Aleutians","Central Aleutians",42.4726121976674,30.1272578747271,59.8767665611779,3.74885944932486,0.175222153485057,44.0081517140787,0.296726479927897,3.78437488298766,0.290489211459687,24.903951623776,77.7674742766675,44.0081517140787,170.521391287717,57.0665356603302,70.1249196065816,30.9497677678273,17.8913838215759,0.296726479927897
"misc_species","Poachers",1997,"5699","Eastern Aleutians","Eastern Aleutians",44.4281724179186,26.0602758647039,75.7421953107451,3.79387378213642,0.272179299697019,49.1484239405598,0.379036128573621,3.89484477976286,0.366389109045233,23.9683766450197,100.781442632366,49.1484239405598,347.040696740691,67.7774522764847,86.4064806124095,30.519395604635,11.8903672687101,0.379036128573621
"misc_species","Poachers",1997,"799","Southern Bering Sea","Southern Bering Sea",12.7200943136249,5.85324418010171,27.6429266179533,2.54318297247764,0.39602100363433,9.73225965085802,0.510476996108348,2.27544610467819,0.48122478939406,3.78960900550457,24.9938391465027,9.73225965085802,24.6819646691249,14.7003543227745,19.668448994691,4.76416497894154,0,0.510476996108348
"misc_species","Poachers",1997,"99904","All","AI Region: All Strata",155.800372301123,121.052238870739,200.522982768526,NA,NA,NA,NA,NA,NA,NA,NA,168.807519752974,957.588811152724,199.752451666822,230.697383580671,137.862587839125,106.917655925276,0.18331488999502
"misc_species","Poachers",2000,"299","Western Aleutians","Western Aleutians",34.5721911814979,21.8705550948702,54.6504831681381,3.54304963582703,0.233631037868748,26.0368698286018,0.263778538956599,3.25951360384012,0.259355399149434,15.6612007256128,43.286501613051,26.0368698286018,47.1689773391902,32.9048373109935,39.7728047933852,19.1689023462101,12.3009348638183,0.263778538956599
"misc_species","Poachers",2000,"3499","Central Aleutians","Central Aleutians",34.9302253588338,25.1951837735089,48.4267411814552,3.5533525105252,0.16668656003346,26.5563567699753,0.255919639389412,3.27926914539445,0.251871693986508,16.209697859896,43.5072936577695,26.5563567699753,46.1896019137434,33.3526500180439,40.1489432661126,19.7600635219067,12.963770273838,0.255919639389412
"misc_species","Poachers",2000,"5699","Eastern Aleutians","Eastern Aleutians",48.6547105779,27.4950862215845,86.0983247094104,3.88474862980081,0.291199903899956,36.0579338826022,0.49641412903036,3.58512691947814,0.469341078811039,14.3713308450838,90.4700204801761,36.0579338826022,320.398108888521,53.9576017255685,71.8572695685348,18.1582660396359,0.258598196669666,0.49641412903036
"misc_species","Poachers",2000,"799","Southern Bering Sea","Southern Bering Sea",41.327112540947,14.1668628192346,120.55811175451,3.7215187625686,0.546241225748759,98.9974316473194,0.739776579125663,4.5950939068417,0.660675178545513,27.117908812429,361.40292161001,98.9974316473194,5363.50896082332,172.2334129736,245.46939429988,25.7614503210388,0,0.739776579125663
"misc_species","Poachers",2000,"99904","All","AI Region: All Strata",159.484239659179,112.425732488089,226.24022220501,NA,NA,NA,NA,NA,NA,NA,NA,187.648592128499,5777.26564896477,263.656918310337,339.665244492176,111.64026594666,35.6319397648215,0.405056735676382
"misc_species","Poachers",2002,"299","Western Aleutians","Western Aleutians",44.3372075426285,26.7560147953316,73.4708807614019,3.79182422391511,0.25769092068554,64.2985454665609,0.515290679235102,4.16353700993889,0.485269665437329,24.8392718466066,166.442195835954,64.2985454665609,1097.75865770415,97.4309866338542,130.563427801147,31.1661042992676,0,0.515290679235102
"misc_species","Poachers",2002,"3499","Central Aleutians","Central Aleutians",36.3052117984342,26.4524043541644,49.8279243762453,3.59196130667924,0.161540851334464,43.0047131360194,0.294080354530509,3.76130971750147,0.288003660826892,24.4549564915063,75.6249700363874,43.0047131360194,159.94259450122,55.6515544215429,68.2983957070663,30.357871850496,17.7110305649725,0.294080354530509
"misc_species","Poachers",2002,"5699","Eastern Aleutians","Eastern Aleutians",64.2532448114066,36.9366413795594,111.771923883671,4.16283222540137,0.28246854538941,100.998585736719,0.341862876621699,4.61510651413648,0.332461024580253,52.6409787277125,193.778963981292,100.998585736719,1192.1597922387,135.526252791397,170.053919846075,66.4709186820409,31.9432516273629,0.341862876621699
"misc_species","Poachers",2002,"799","Southern Bering Sea","Southern Bering Sea",32.92622674339,13.3964871761225,80.9269171316392,3.49426950565629,0.458823218791789,47.5550203338953,0.659837541865158,3.86188736352116,0.601193405765498,14.6372542611841,154.501651648855,47.5550203338953,984.615767330921,78.9336080543603,110.312195774825,16.1764326134302,0,0.659837541865158
"misc_species","Poachers",2002,"99904","All","AI Region: All Strata",177.821890895859,132.224638510831,239.14321292842,NA,NA,NA,NA,NA,NA,NA,NA,255.856864673194,3434.47681177499,314.461274164077,373.065683654959,197.252455182312,138.64804569143,0.229051542415082
"misc_species","Poachers",2004,"299","Western Aleutians","Western Aleutians",45.8893461690436,31.6563604893076,66.5216108002558,3.826232980518,0.189439138535047,43.1936983811147,0.223637365231414,3.76569461380235,0.220914427338374,28.0141654886274,66.5982922316964,43.1936983811147,93.3102851543616,52.8534232816676,62.5131481822205,33.5339734805618,23.8742485800089,0.223637365231414
"misc_species","Poachers",2004,"3499","Central Aleutians","Central Aleutians",34.8388050114084,25.7260532862367,47.1795001401276,3.55073185206795,0.154710815865212,37.3213642770731,0.256012148634806,3.61956593150265,0.251959910688614,22.7765974457592,61.1541840180053,37.3213642770731,91.2927250819194,46.8760869356289,56.4308095941847,27.7666416185173,18.2119189599615,0.256012148634806
"misc_species","Poachers",2004,"5699","Eastern Aleutians","Eastern Aleutians",44.1063937818125,27.3097420741045,71.2336999433232,3.78660475565825,0.244576567923642,32.2614490440886,0.345520065922831,3.47387298935998,0.335825308144017,16.7043218658023,62.3072940515529,32.2614490440886,124.255118543175,43.4084270445682,54.5554050450478,21.1144710436091,9.96749304312952,0.345520065922831
"misc_species","Poachers",2004,"799","Southern Bering Sea","Southern Bering Sea",15.6786680419667,8.77350481164857,28.0185213147445,2.75230106501098,0.296211923582131,14.5146918701824,0.354078972251254,2.6751613688794,0.343676556263005,7.40064897932252,28.4672710021743,14.5146918701824,26.4128894359348,19.6540390501202,24.793386230058,9.37534469024457,4.23599751030675,0.354078972251254
"misc_species","Poachers",2004,"99904","All","AI Region: All Strata",140.513213004231,113.076098184882,174.607749521837,NA,NA,NA,NA,NA,NA,NA,NA,127.291203572459,335.271018215391,145.601610946829,163.912018321199,108.980796198089,90.6703888237184,0.143846604168113
"misc_species","Poachers",2006,"299","Western Aleutians","Western Aleutians",56.210398934235,31.1669637641803,101.376860840617,4.02910177419988,0.300894862727101,85.3153578959409,0.651022917518711,4.44635448396475,0.594433354709166,26.6099848997838,273.533048602806,85.3153578959409,3084.94189126256,140.857611102509,196.399864309078,29.7731046893725,0,0.651022917518711
"misc_species","Poachers",2006,"3499","Central Aleutians","Central Aleutians",32.0437556409463,23.9476261541522,42.8769961985834,3.46710233258875,0.148591062222718,32.6345517591803,0.209736571084093,3.48537159702059,0.207483406974704,21.7303867472924,49.0103549885192,32.6345517591803,46.8493566187072,39.4792107440171,46.3238697288539,25.7898927743435,18.9452337895066,0.209736571084093
"misc_species","Poachers",2006,"5699","Eastern Aleutians","Eastern Aleutians",47.1715460921546,27.0802158226826,82.1690187144099,3.85379087378159,0.283162068450506,68.2206508996981,0.366982049659662,4.22274731813082,0.355453222233909,33.9901849283878,136.923562463219,68.2206508996981,626.788993184077,93.2564051959856,118.292159492273,43.1848966034106,18.1491423071231,0.366982049659662
"misc_species","Poachers",2006,"799","Southern Bering Sea","Southern Bering Sea",10.3899535356735,5.71812958320287,18.8787492313156,2.34083933307741,0.304698240281306,9.19559140559069,0.350154506923095,2.21872417415987,0.340080444915469,4.72174649025546,17.9083950129645,9.19559140559069,10.3676128826602,12.4154691800816,15.6353469545724,5.97571363109984,2.75583585660898,0.350154506923095
"misc_species","Poachers",2006,"99904","All","AI Region: All Strata",145.815654203009,108.05452825783,196.772919686602,NA,NA,NA,NA,NA,NA,NA,NA,195.36615196041,3768.94785394801,256.75790917543,318.149666390451,133.97439474539,72.5826375303692,0.314239475973613
"misc_species","Poachers",2010,"299","Western Aleutians","Western Aleutians",61.1977940170688,40.1592883543328,93.2578774681279,4.1141111433959,0.214931188405955,58.3067259459236,0.266899903992604,4.06571745455669,0.262321768241548,34.8682347772531,97.5006137319827,58.3067259459236,242.177697658419,73.8687855030136,89.4308450601037,42.7446663888335,27.1826068317434,0.266899903992604
"misc_species","Poachers",2010,"3499","Central Aleutians","Central Aleutians",26.2234242541856,19.297923262462,35.6342996219003,3.26665306684075,0.156459803404366,25.840132218421,0.223607639657127,3.25192879571327,0.220885768561959,16.7600930112263,39.8394228849584,25.840132218421,33.3858730557065,31.6181831922102,37.3962341659994,20.0620812446318,14.2840302708426,0.223607639657127
"misc_species","Poachers",2010,"5699","Eastern Aleutians","Eastern Aleutians",21.2053870293344,13.3395627452392,33.7093837070744,3.054255254556,0.236494647850736,17.538154729643,0.297037225015075,2.86437877785462,0.290780924328969,9.91906476150842,31.0096645920197,17.538154729643,27.1387320145663,22.7476395424211,27.9571243551993,12.3286699168648,7.11918510408666,0.297037225015075
"misc_species","Poachers",2010,"799","Southern Bering Sea","Southern Bering Sea",13.2841698983545,5.75837868743776,30.6456347293253,2.58657309313119,0.426496171620865,20.6058412170581,0.587424892381644,3.02557458982776,0.544467237316814,7.0882495064001,59.9020522456542,20.6058412170581,146.516113456576,32.7102252764217,44.8146093357853,8.50145715769451,0,0.587424892381644
"misc_species","Poachers",2010,"99904","All","AI Region: All Strata",121.910775198943,94.6864986626017,156.962579877056,NA,NA,NA,NA,NA,NA,NA,NA,122.290854111046,449.218416185267,143.485627433383,164.680400755721,101.096080788708,79.9013074663708,0.173314459829446
"misc_species","Poachers",2012,"299","Western Aleutians","Western Aleutians",70.2543799918454,42.2550693425948,116.80676389432,4.25212265490863,0.259391666312785,103.350213618424,0.354425858024221,4.63812335306734,0.343994101291249,52.66269360546,202.824161160387,103.350213618424,1341.75603104105,139.980201757121,176.610189895817,66.7202254797276,30.0902373410311,0.354425858024221
"misc_species","Poachers",2012,"3499","Central Aleutians","Central Aleutians",24.0042183973973,17.0363950392539,33.8218560641676,3.17822958146103,0.174940786603924,27.2989629742809,0.434248786887006,3.30684871517934,0.415635169404246,12.0880668162224,61.6503358891965,27.2989629742809,140.530155475779,39.1535045291357,51.0080460839905,15.4444214194261,3.58987986457133,0.434248786887006
"misc_species","Poachers",2012,"5699","Eastern Aleutians","Eastern Aleutians",20.3601047934295,14.1952322839466,29.2023306774789,3.0135773386941,0.184019292171528,21.3508834258567,0.221199107384297,3.06109311707884,0.218562775007356,13.9115294018846,32.7685195419825,21.3508834258567,22.3048054170891,26.0736797815224,30.7964761371881,16.628087070191,11.9052907145253,0.221199107384297
"misc_species","Poachers",2012,"799","Southern Bering Sea","Southern Bering Sea",7.09947633703976,3.94320753791087,12.7821231258071,1.9600210259807,0.300019052691279,5.44277261708231,0.326617562160071,1.69428860328684,0.318376612853033,2.9162014863146,10.1583425906207,5.44277261708231,3.1602355064133,7.22047774066533,8.99818286424834,3.6650674934993,1.88736236991628,0.326617562160071
"misc_species","Poachers",2012,"99904","All","AI Region: All Strata",121.718179519712,89.3608897679033,165.791939449938,NA,NA,NA,NA,NA,NA,NA,NA,157.442832635644,1507.75122744033,196.272605071757,235.10237750787,118.613060199531,79.7832877634178,0.246627755523006
"misc_species","Poachers",2014,"299","Western Aleutians","Western Aleutians",51.7869148404368,35.2397944158748,76.1038647683632,3.94713750809637,0.196412558552446,50.163727671591,0.243440464687567,3.91529220918523,0.239945053279421,31.3435513228418,80.2844434566578,50.163727671591,149.130041828233,62.3756088464237,74.5874900212564,37.9518464967583,25.7399653219256,0.243440464687567
"misc_species","Poachers",2014,"3499","Central Aleutians","Central Aleutians",21.3423157948169,15.5983619153339,29.201428070336,3.06069175895571,0.159965110641852,21.2479090632555,0.259354698357421,3.05625849350585,0.255145389498437,12.8865317975216,35.0345342450638,21.2479090632555,30.3683109601016,26.758654109082,32.2693991549085,15.7371640174289,10.2264189716024,0.259354698357421
"misc_species","Poachers",2014,"5699","Eastern Aleutians","Eastern Aleutians",16.6738846181376,10.6421528855031,26.1242655739034,2.81384370009748,0.229096504492158,14.8237036263872,0.311911306002987,2.69622749595988,0.30470032009671,8.15821865035954,26.935069850485,14.8237036263872,21.3784237510454,19.4473843842948,24.0710651422024,10.2000228684795,5.57634211057188,0.311911306002987
"misc_species","Poachers",2014,"799","Southern Bering Sea","Southern Bering Sea",14.2983410807048,6.00856962787143,34.0251624466232,2.66014352219405,0.442333026270811,17.9713508150382,0.725677782829634,2.88877886853447,0.65042174081599,5.02274040302647,64.3014418827155,17.9713508150382,170.078375150923,31.0127608289486,44.054170842859,4.92994080112774,0,0.725677782829634
"misc_species","Poachers",2014,"99904","All","AI Region: All Strata",104.101456334096,81.4586704439478,133.038179383701,NA,NA,NA,NA,NA,NA,NA,NA,104.206691176272,370.955151690304,123.466887221232,142.727083266192,84.9464951313115,65.6862990863512,0.184826865027127
"misc_species","Poachers",2016,"299","Western Aleutians","Western Aleutians",41.1518543119457,24.9245803671684,67.9439769241734,3.71726898836651,0.255828429724296,64.9284770548268,0.460404261703254,4.17328631106015,0.438461919143563,27.4925962443591,153.339724454876,64.9284770548268,893.61222726346,94.821824596771,124.715172138715,35.0351295128826,5.14178197093842,0.460404261703254
"misc_species","Poachers",2016,"3499","Central Aleutians","Central Aleutians",19.0261995877159,13.8710554771829,26.0972404981772,2.94581695499077,0.161233894194868,23.5438373887702,0.278615962848886,3.15886410421221,0.273425065962172,13.7764528902825,40.2362119918293,23.5438373887702,43.0295187695441,30.1035263120001,36.6632152352299,16.9841484655404,10.4244595423106,0.278615962848886
"misc_species","Poachers",2016,"5699","Eastern Aleutians","Eastern Aleutians",16.721323327939,8.96718842887966,31.180637727762,2.81668475093248,0.317920416143541,48.3500238182999,0.698582405270518,3.87846671452172,0.63043208548018,14.0530932583149,166.349483367086,48.3500238182999,1140.85032651163,82.1264997521748,115.90297568605,14.5735478844251,0,0.698582405270518
"misc_species","Poachers",2016,"799","Southern Bering Sea","Southern Bering Sea",21.9061453324171,8.30673502884473,57.7698941471739,3.08676720624534,0.494754280629759,28.6199024011644,0.787906079475478,3.35410236396052,0.694922571563383,7.33075968943997,111.734506129303,28.6199024011644,508.493258865827,51.1696974970368,73.7194925929091,6.07010730529214,0,0.787906079475478
"misc_species","Poachers",2016,"99904","All","AI Region: All Strata",98.8055225600176,71.4963157808948,136.545935013995,NA,NA,NA,NA,NA,NA,NA,NA,165.442240663061,2585.98533141046,216.294824977042,267.147409291022,114.589656349081,63.7370720351012,0.307373643575985
"misc_species","Poachers",2018,"299","Western Aleutians","Western Aleutians",23.6951386390412,15.2674069964709,36.7750460345469,3.16526990638539,0.224264126972542,18.6769565529169,0.237812013788124,2.92729049409419,0.234548914266931,11.7939073224012,29.5770262173405,18.6769565529169,19.7278518605276,23.1185612021993,27.5601658514818,14.2353519036344,9.79374725435195,0.237812013788124
"misc_species","Poachers",2018,"3499","Central Aleutians","Central Aleutians",15.1728293908439,10.8785004591147,21.1623608041279,2.71950628821995,0.169757140623194,12.5544785881517,0.250907841965779,2.53007746153222,0.247088092989412,7.73529559278859,20.3760710537421,12.5544785881517,9.92260791651332,15.7044957177104,18.8545128472691,9.40446145859294,6.25444432903423,0.250907841965779
"misc_species","Poachers",2018,"5699","Eastern Aleutians","Eastern Aleutians",10.9389994318585,6.89934080550714,17.3439335645928,2.39233433320041,0.235161699516078,9.5130552143785,0.282317470806714,2.25266508830487,0.276922635852288,5.52844562487242,16.3695594842542,9.5130552143785,7.21299355567966,12.1987569021465,14.8844585899144,6.82735352661055,4.14165183884259,0.282317470806714
"misc_species","Poachers",2018,"799","Southern Bering Sea","Southern Bering Sea",25.3618037741093,8.85969470881087,72.6008188562916,3.23324425377896,0.536607792437202,51.1681569419251,0.762000332060393,3.93511740383581,0.676633341694022,13.5846492465966,192.730797630967,51.1681569419251,1520.23199826356,90.1583095225904,129.148462103256,12.1780043612599,0,0.762000332060393
"misc_species","Poachers",2018,"99904","All","AI Region: All Strata",75.1687712358529,50.7618404857495,111.310860974283,NA,NA,NA,NA,NA,NA,NA,NA,91.9126472973722,1557.09545159628,131.372696101147,170.832744904921,52.4525984935975,12.9925496898229,0.429321208387203
"misc_species","Poachers",2022,"299","Western Aleutians","Western Aleutians",25.4372583905005,15.9106095744122,40.6680907729454,3.23621496499556,0.239406852964903,19.7047051233773,0.291931044811305,2.98085744597662,0.2859828194812,11.2496995271532,34.5142910761373,19.7047051233773,33.0902801081819,25.4571202777435,31.2095354321097,13.9522899690111,8.19987481464488,0.291931044811305
"misc_species","Poachers",2022,"3499","Central Aleutians","Central Aleutians",12.2993329983319,8.41279326683307,17.9813751991555,2.50954503313009,0.193774722862588,11.0684833315627,0.27824778073992,2.40410173024865,0.273076894788907,6.48103909355382,18.9030372279245,11.0684833315627,9.48505053468567,14.1482642547269,17.228045177891,7.98870240839861,4.90892148523448,0.27824778073992
"misc_species","Poachers",2022,"5699","Eastern Aleutians","Eastern Aleutians",8.38218870331348,4.87217591843397,14.4208847615953,2.12610906217162,0.276825711412385,5.83871755949627,0.311517779127497,1.76451117674874,0.304333166363792,3.2156487678475,10.6014758453827,5.83871755949627,3.30826744034963,7.65758188658326,9.47644621367026,4.01985323240927,2.20098890532228,0.311517779127497
"misc_species","Poachers",2022,"799","Southern Bering Sea","Southern Bering Sea",7.20361664949152,3.58457008878211,14.4765178382834,1.97458321233473,0.356100760231549,4.98949101380538,0.396465047607083,1.60733390331954,0.382086284743546,2.35952079684539,10.5508799117722,4.98949101380538,3.91311220764663,6.96764980612884,8.94580859845231,3.01133222148191,1.03317342915845,0.396465047607083
"misc_species","Poachers",2022,"99904","All","AI Region: All Strata",53.3223967416373,40.6267858057556,69.985304962761,NA,NA,NA,NA,NA,NA,NA,NA,41.6013970282417,49.7967102908638,48.6580754459438,55.714753863646,34.5447186105395,27.4880401928373,0.16962599628353
"misc_species","Poachers",2024,"299","Western Aleutians","Western Aleutians",40.2739292658608,23.3166520718842,69.5635622777675,3.695704343132,0.27885030589215,63.5982094901677,0.357413633458299,4.15258531727946,0.346727018127084,32.2337116095873,125.481430725224,63.5982094901677,516.692320723703,86.3290766254906,109.059943760814,40.8673423548448,18.1364752195219,0.357413633458299
"misc_species","Poachers",2024,"3499","Central Aleutians","Central Aleutians",11.703149829394,7.58819143899383,18.0495862591739,2.45985802175905,0.221057501181265,7.41378820038457,0.441350901211588,2.00334153679749,0.421866039127346,3.24300151280196,16.9485753439172,7.41378820038457,10.706521292906,10.6858703040161,13.9579524076477,4.141706096753,0.869623993121429,0.441350901211588
"misc_species","Poachers",2024,"5699","Eastern Aleutians","Eastern Aleutians",13.698595306565,6.59233890493539,28.4650889584211,2.61729329520976,0.373162516323528,37.2541138392075,0.775140461352566,3.61776237736411,0.685952039029891,9.71160037327695,142.908371905786,37.2541138392075,833.891004305088,66.1312848278117,95.008455816416,8.3769428506032,0,0.775140461352566
"misc_species","Poachers",2024,"799","Southern Bering Sea","Southern Bering Sea",13.7122205975515,7.92001633076524,23.7404805575379,2.61828744964546,0.280053198010552,15.7941405342246,0.324662748869553,2.75963901898595,0.316563734961404,8.49251765250774,29.3734891609177,15.7941405342246,26.2940157570168,20.921909616098,26.0496786979714,10.6663714523513,5.53860237047785,0.324662748869553
"misc_species","Poachers",2024,"99904","All","AI Region: All Strata",79.3878949993712,57.3384378206034,109.916455906068,NA,NA,NA,NA,NA,NA,NA,NA,124.060252063984,1387.58386207871,161.310538802192,198.5608255404,86.8099653257764,49.5596785875684,0.300259640928313
"misc_species","Poachers",2026,"299","Western Aleutians","Western Aleutians",38.0569598793791,18.6700813115798,77.575034146336,3.63908398162509,0.363354466969092,33.0966932270921,0.63077365502166,3.49943337488766,0.578751687066948,10.6451129855566,102.900843237125,33.0966932270921,435.829177329268,53.9732153830755,74.849737539059,12.2201710711086,0,0.63077365502166
"misc_species","Poachers",2026,"3499","Central Aleutians","Central Aleutians",12.3108190263928,7.65856358330334,19.7891240899282,2.51047847140251,0.242174871957031,14.8346489763504,0.393643809113035,2.69696559160577,0.379554700223643,7.05017224897571,31.2143877454209,14.8346489763504,34.1005512721519,20.6742167062557,26.5137844361611,8.99508124644505,3.1555135165397,0.393643809113035
"misc_species","Poachers",2026,"5699","Eastern Aleutians","Eastern Aleutians",15.9343422580305,6.69118805265865,37.945916509576,2.76847667045829,0.442704678546312,22.0105386723583,0.638210827460302,3.09152136922154,0.584535931627447,6.99959293738423,69.2131409613691,22.0105386723583,197.328438127985,36.057902771291,50.1052668702238,7.96317457342552,0,0.638210827460302
"misc_species","Poachers",2026,"799","Southern Bering Sea","Southern Bering Sea",12.783882674736,6.88395278116792,23.7403801909416,2.54818521147367,0.315818146274553,12.5732651104972,0.356946286081934,2.53157274308803,0.346299789420679,6.3778919536525,24.7867158439884,12.5732651104972,20.1419670395856,17.0612453956127,21.5492256807282,8.08528482538163,3.59730454026612,0.356946286081934
"misc_species","Poachers",2026,"99904","All","AI Region: All Strata",79.0860038385384,52.784312480668,118.493463478188,NA,NA,NA,NA,NA,NA,NA,NA,82.5151459862979,687.40013376899,108.733462747085,134.951779507873,56.2968292255104,30.0785124647229,0.317739445860536
"misc_species","Shrimps",1991,"299","Western Aleutians","Western Aleutians",7.15127763919938,3.12646348988366,16.3573865610105,1.96729103153973,0.422144767832983,5.58782468236289,0.445521292781826,1.72059006695174,0.425513551150521,2.42686143443566,12.8659115999693,5.58782468236289,6.19758473924598,8.0773195586874,10.5668144350119,3.09832980603838,0.608834929713869,0.445521292781826
"misc_species","Shrimps",1991,"3499","Central Aleutians","Central Aleutians",42.0472845694822,18.5342086289535,95.3897830255966,3.73879480810272,0.417954959841163,36.8049423271983,0.488047823081352,3.60563213852665,0.462224169740851,14.8751109919961,91.0651208207636,36.8049423271983,322.653992187833,54.7675143086221,72.730086290046,18.8423703457745,0.87979836435062,0.488047823081352
"misc_species","Shrimps",1991,"5699","Eastern Aleutians","Eastern Aleutians",21.0038232925607,11.2951298423312,39.0575937650366,3.04470448270274,0.316502161357878,20.9224791347035,0.336053804188269,3.04082413765846,0.327105667077578,11.0199670207454,39.7233614509033,20.9224791347035,49.4360677737184,27.9535578409703,34.9846365472371,13.8914004284367,6.86032172216993,0.336053804188269
"misc_species","Shrimps",1991,"799","Southern Bering Sea","Southern Bering Sea",8.60346259682438,2.21782927078136,33.3747821034386,2.15216474976446,0.691663647338318,8.56640662130308,0.838120834556487,2.14784834728241,0.729428785929317,2.05072665782668,35.7840583587456,8.56640662130308,51.5478604242697,15.7460904878998,22.9257743544966,1.38672275470633,0,0.838120834556487
"misc_species","Shrimps",1991,"99904","All","AI Region: All Strata",78.8058480980667,47.9947670340776,129.396642139049,NA,NA,NA,NA,NA,NA,NA,NA,71.8816527655678,429.835505125067,92.6141274158614,113.346602066155,51.1491781152742,30.4167034649806,0.288425124529478
"misc_species","Shrimps",1994,"299","Western Aleutians","Western Aleutians",69.2026557269795,30.3964767029643,157.551403291416,4.23703923944473,0.419759006883543,93.5249109204091,0.458209886637643,4.53822782776553,0.436559553130606,39.7490851810636,220.053088588752,93.5249109204091,1836.46864409769,136.378949751045,179.232988581682,50.6708720897728,7.8168332591364,0.458209886637643
"misc_species","Shrimps",1994,"3499","Central Aleutians","Central Aleutians",69.1402258231842,36.1559403534409,132.215364339873,4.2361367006609,0.330769057768372,82.7699848459434,0.379880486296095,4.41606549381094,0.367152723075564,40.3043490400671,169.978440405703,82.7699848459434,988.643514971871,114.212686939941,145.655389033938,51.327282751946,19.8845806579485,0.379880486296095
"misc_species","Shrimps",1994,"5699","Eastern Aleutians","Eastern Aleutians",22.1926023687535,14.3704553429551,34.2725117711075,3.09975900671318,0.221730921332725,21.4272196739141,0.231071487364364,3.06466206116719,0.228073152400375,13.703440005706,33.5044151514507,21.4272196739141,24.5145747365589,26.3784391940484,31.3296587141827,16.4760001537798,11.5247806336455,0.231071487364364
"misc_species","Shrimps",1994,"799","Southern Bering Sea","Southern Bering Sea",8.92906974863083,4.14043558097591,19.2560142566261,2.18931221797627,0.392104767709679,8.65783295929429,0.421781159275114,2.15846445561287,0.404638897077699,3.91723790979549,19.1354401435771,8.65783295929429,13.3349919302977,12.3095437816757,15.9612546040572,5.00612213691286,1.35441131453143,0.421781159275114
"misc_species","Shrimps",1994,"99904","All","AI Region: All Strata",169.464553667548,109.879970399476,261.360053568764,NA,NA,NA,NA,NA,NA,NA,NA,206.379948399561,2862.96172573642,259.88659962851,313.393250857459,152.873297170612,99.3666459416625,0.25926283848738
"misc_species","Shrimps",1997,"299","Western Aleutians","Western Aleutians",48.1427375913553,18.0033450987234,128.738474437978,3.87417029802835,0.501852445421815,48.4393176801967,0.636191348902129,3.88031183271031,0.582968119396393,15.4516425955768,151.852301967863,48.4393176801967,949.667449110353,79.2559925350598,110.072667389923,17.6226428253336,0,0.636191348902129
"misc_species","Shrimps",1997,"3499","Central Aleutians","Central Aleutians",39.1884112338796,21.419216838719,71.6987734238515,3.66838107129994,0.308216157983034,41.503960412992,0.354328373018223,3.7257888543217,0.343904867108793,21.1522799911132,81.437023842674,41.503960412992,216.267340918426,56.2099911799401,70.9160219468883,26.7979296460438,12.0918988790956,0.354328373018223
"misc_species","Shrimps",1997,"5699","Eastern Aleutians","Eastern Aleutians",65.3196305631023,26.4315721423077,161.422639331799,4.17929261228563,0.461607156725597,86.0052326017601,0.561221845808541,4.45440813860909,0.523272224969108,30.8400269808289,239.84739181587,86.0052326017601,2329.80130968471,134.273247991713,182.541263381666,37.7372172118074,0,0.561221845808541
"misc_species","Shrimps",1997,"799","Southern Bering Sea","Southern Bering Sea",21.9770431637962,9.64219028581107,50.0913601481299,3.0899984159862,0.420339420315031,22.507201961541,0.458496322624686,3.113835345173,0.436808005928886,9.56114400208116,52.9825866054657,22.507201961541,106.491447292802,32.8266712934787,43.1461406254163,12.1877326296033,1.86826329766564,0.458496322624686
"misc_species","Shrimps",1997,"99904","All","AI Region: All Strata",174.627822552133,109.576658522683,278.297192307492,NA,NA,NA,NA,NA,NA,NA,NA,198.45571265649,3602.22754700629,258.474272677589,318.492832698688,138.437152635391,78.4185926142913,0.302427978603903
"misc_species","Shrimps",2000,"299","Western Aleutians","Western Aleutians",32.4986128417263,10.5987697567957,99.6492858012349,3.48119740663176,0.571673501027057,27.2352822095897,0.864046387159948,3.30451327280103,0.746764615558244,6.30209124128681,117.700707374166,27.2352822095897,553.780777554444,50.7678294060672,74.3003766025448,3.70273501311211,0,0.864046387159948
"misc_species","Shrimps",2000,"3499","Central Aleutians","Central Aleutians",15.0789497379758,7.71182023879201,29.483924438054,2.71329971413159,0.342121320427035,15.3992785913704,0.431355507200075,2.73432066360613,0.413089911519923,6.85295067260256,34.6037484382739,15.3992785913704,44.1236515426737,22.0418422186662,28.6844058459621,8.75671496407456,2.11415133677872,0.431355507200075
"misc_species","Shrimps",2000,"5699","Eastern Aleutians","Eastern Aleutians",41.8136210507653,20.7427103048388,84.2888359178958,3.73322214890757,0.357673549154313,38.0946957086676,0.411602689552902,3.64007505219567,0.395607306308913,17.5437713802521,82.7191491317261,38.0946957086676,245.858612083686,53.7745749200546,69.4544541314416,22.4148164972807,6.73493728589367,0.411602689552902
"misc_species","Shrimps",2000,"799","Southern Bering Sea","Southern Bering Sea",30.5104685339183,14.8534192596107,62.6716767290399,3.41806985534348,0.367271934129675,31.4698238002396,0.394789071427345,3.4490291120851,0.380582817326561,14.9259378823123,66.3509266772257,31.4698238002396,154.354347642829,43.8937663163184,56.3177088323971,19.0458812841609,6.62193876808211,0.394789071427345
"misc_species","Shrimps",2000,"99904","All","AI Region: All Strata",119.901652164386,77.3037202218666,185.973018510469,NA,NA,NA,NA,NA,NA,NA,NA,112.199080309867,998.117388823633,143.79207619224,175.385072074613,80.6060844274944,49.0130885451215,0.281579811484377
"misc_species","Shrimps",2002,"299","Western Aleutians","Western Aleutians",35.5549584612016,16.7923433736224,75.2816353888714,3.57107962503784,0.38273998910295,35.0698583598736,0.452055210837209,3.55734202536074,0.431211377287883,15.062124118522,81.6548154631909,35.0698583598736,251.333849548101,50.9233705747773,66.776882789681,19.2163461449699,3.36283393006615,0.452055210837209
"misc_species","Shrimps",2002,"3499","Central Aleutians","Central Aleutians",7.47113333763423,4.07613866828996,13.6938013868224,2.01104670619543,0.309136583893019,5.83934540257127,0.356777953426822,1.76461870195693,0.346145883927074,2.9629495330483,11.5081118831781,5.83934540257127,4.34034598116392,7.92269510465298,10.0060448067347,3.75599570048957,1.67264599840787,0.356777953426822
"misc_species","Shrimps",2002,"5699","Eastern Aleutians","Eastern Aleutians",56.7301875461639,29.4009382356269,109.462975406788,4.03830647727632,0.335353045182973,67.0981086173067,0.381253731483444,4.20615585605885,0.368393967851678,32.5936324914874,138.129930169512,67.0981086173067,654.408245235062,92.6795129031363,118.260917188966,41.516704331477,15.9353000456474,0.381253731483444
"misc_species","Shrimps",2002,"799","Southern Bering Sea","Southern Bering Sea",19.7600482127206,9.20412692112821,42.4222208923192,2.98366213223176,0.38980827015235,19.3515944900825,0.427177357184172,2.96277481866913,0.409407310758796,8.67418379673249,43.1722705079937,19.3515944900825,68.3360636936481,27.6181574816557,35.884720473229,11.0850314985093,2.81846850693605,0.427177357184172
"misc_species","Shrimps",2002,"99904","All","AI Region: All Strata",119.51632755772,79.6650731226956,179.302572544993,NA,NA,NA,NA,NA,NA,NA,NA,127.358906869834,978.418504457975,158.638588844847,189.918270819861,96.0792248948207,64.7995429198073,0.245602626025854
"misc_species","Shrimps",2004,"299","Western Aleutians","Western Aleutians",42.2249481311738,22.1395314722851,80.5322482507031,3.74301123430173,0.329417517048617,36.9914576667964,0.36737955625148,3.61068701211838,0.355814876262228,18.4175252302612,74.2970580035407,36.9914576667964,184.68552613698,50.5813629695194,64.1712682722425,23.4015523640733,9.81164706135026,0.36737955625148
"misc_species","Shrimps",2004,"3499","Central Aleutians","Central Aleutians",11.0552777856721,6.02986396844956,20.26897581071,2.40290794159861,0.309282974087741,10.8682026005712,0.376512943041514,2.38584133332733,0.364105314365794,5.32391018518571,22.186292341245,10.8682026005712,16.7446190602539,14.9602215472837,19.0522404939961,6.77618365385869,2.68416470714621,0.376512943041514
"misc_species","Shrimps",2004,"5699","Eastern Aleutians","Eastern Aleutians",22.0088557175214,14.7462463819115,32.8483410252018,3.09144490497841,0.204318212130318,20.8352075058951,0.213301011648336,3.03664422431103,0.210932875622384,13.780070544826,31.50244190707,20.8352075058951,19.7506544454219,25.2793783448055,29.723549183716,16.3910366669847,11.9468658280742,0.213301011648336
"misc_species","Shrimps",2004,"799","Southern Bering Sea","Southern Bering Sea",18.728265403255,7.78765135984915,45.0389865708565,2.93003390155632,0.447709543795947,18.2380815839175,0.507133048331833,2.90351180279446,0.478408029259771,7.14097481347712,46.5801418643663,18.2380815839175,85.546478073583,27.4872154932943,36.736349402671,8.98894767454075,0,0.507133048331833
"misc_species","Shrimps",2004,"99904","All","AI Region: All Strata",94.0173470376223,65.6935869013069,134.55288348423,NA,NA,NA,NA,NA,NA,NA,NA,86.9329493571802,306.727277716239,104.446580554514,121.960211751849,69.4193181598459,51.9056869625117,0.201461371399885
"misc_species","Shrimps",2006,"299","Western Aleutians","Western Aleutians",160.081945496478,39.6464404720917,646.368979630752,5.07568584347797,0.712097101861942,540.116818618638,0.984896330426396,6.29178544693745,0.823434327541756,107.54225298016,2712.66567019512,540.116818618638,282980.454984304,1072.07589127771,1604.03496393679,8.15774595956225,0,0.984896330426396
"misc_species","Shrimps",2006,"3499","Central Aleutians","Central Aleutians",17.5184111207563,8.02412058991476,38.2465249315374,2.86325239194116,0.398374826731472,20.511885132926,0.532955643551786,3.02100448072872,0.500012695228089,7.69828522701746,54.6533960874498,20.511885132926,119.506982926128,31.4438100744048,42.3757350158837,9.57996019144709,0,0.532955643551786
"misc_species","Shrimps",2006,"5699","Eastern Aleutians","Eastern Aleutians",29.7062900101471,15.5414647714237,56.7812416104794,3.39135880823884,0.330540364372063,29.4262010724376,0.370452354012357,3.38188547040804,0.358608185499268,14.5708993181839,59.4267581325553,29.4262010724376,118.831919971919,40.3272065293631,51.2282119862885,18.5251956155121,7.62419015858668,0.370452354012357
"misc_species","Shrimps",2006,"799","Southern Bering Sea","Southern Bering Sea",25.2921792801701,11.9129631703591,53.6973315196592,3.23049522858537,0.384123425359819,26.6032880941655,0.413510695943533,3.28103482071086,0.397304015256069,12.2109520724677,57.9590299938129,26.6032880941655,121.016372386298,37.6040322683702,48.6047764425748,15.6025439199608,4.60179974575615,0.413510695943533
"misc_species","Shrimps",2006,"99904","All","AI Region: All Strata",232.598825907551,88.2301438343285,613.194215291772,NA,NA,NA,NA,NA,NA,NA,NA,616.658192918167,283339.810259588,1148.9549243186,1681.25165571904,84.3614615177307,0,0.863195750114803
"misc_species","Shrimps",2010,"299","Western Aleutians","Western Aleutians",42.8343170137879,16.1168565044856,113.842219388565,3.75733958070591,0.498720321535984,46.4003176539513,0.645251434591508,3.83730630519911,0.589985360851545,14.599046911135,147.47465992081,46.4003176539513,896.395907335523,76.3401891856651,106.280060717379,16.4604461222376,0,0.645251434591508
"misc_species","Shrimps",2010,"3499","Central Aleutians","Central Aleutians",22.4797399796436,10.7142678327828,47.1650249404992,3.11261445821676,0.378087642692748,21.6302548318868,0.477205848021171,3.07409302130504,0.452949452481125,8.90246680669092,52.5548630791551,21.6302548318868,106.545420166742,31.9523389318514,42.274423031816,11.3081707319222,0.986086631957647,0.477205848021171
"misc_species","Shrimps",2010,"5699","Eastern Aleutians","Eastern Aleutians",62.8231069373741,22.9459155871969,172.001973521898,4.14032295066169,0.51387832021149,67.3130664583749,0.699257440398201,4.2093543702331,0.630934655697454,19.5455017114026,231.820547915955,67.3130664583749,2215.5060638208,114.382229015412,161.45139157245,20.2439039013377,0,0.699257440398201
"misc_species","Shrimps",2010,"799","Southern Bering Sea","Southern Bering Sea",6.5191640105264,2.63824437526049,16.1090078670011,1.87474614847335,0.461555655633774,5.73948648151619,0.511575752813303,1.74736974317892,0.482149091337403,2.23083262222105,14.7665516199552,5.73948648151619,8.62116542738178,8.67566859905961,11.611850716603,2.80330436397277,0,0.511575752813303
"misc_species","Shrimps",2010,"99904","All","AI Region: All Strata",134.656327941332,75.50426531385,240.14969987818,NA,NA,NA,NA,NA,NA,NA,NA,141.083125425729,3227.06855675045,197.890418590872,254.697711756014,84.2758322605868,27.4685390954443,0.402651224189442
"misc_species","Shrimps",2012,"299","Western Aleutians","Western Aleutians",17.1677124683323,10.4677165718753,28.1561264456866,2.84303043763138,0.252420214301638,16.8113530454779,0.270081593449873,2.82205443469163,0.265341920402146,9.99408908883905,28.2788745134682,16.8113530454779,20.6155683196104,21.351790064049,25.8922270826201,12.2709160269069,7.73047900833584,0.270081593449873
"misc_species","Shrimps",2012,"3499","Central Aleutians","Central Aleutians",28.1396338050282,12.4417868428227,63.6435104285582,3.33717903827635,0.416394551550275,31.4427355774606,0.646753112229378,3.44816797323712,0.591144339594102,9.87045901031073,100.162071445853,31.4427355774606,413.540169492674,51.7784226691886,72.1141097609166,11.1070484857326,0,0.646753112229378
"misc_species","Shrimps",2012,"5699","Eastern Aleutians","Eastern Aleutians",76.651405076298,33.747608297012,174.099386494626,4.33926793621697,0.418557888386776,94.8263133450085,0.511163524330159,4.55204693767687,0.481802385727575,36.8822945715298,243.803424029558,94.8263133450085,2349.51079320068,143.298065873679,191.76981840235,46.354560816338,0,0.511163524330159
"misc_species","Shrimps",2012,"799","Southern Bering Sea","Southern Bering Sea",17.6573643270905,7.19592824544361,43.3276297852227,2.871152938686,0.457986779950135,17.4782291826927,0.520874110225638,2.86095605975771,0.489946668559551,6.69043058824706,45.660513375533,17.4782291826927,82.8820344025912,26.5821862565475,35.6861433304023,8.37427210883786,0,0.520874110225638
"misc_species","Shrimps",2012,"99904","All","AI Region: All Strata",139.616115676749,84.9797578869798,229.380034038082,NA,NA,NA,NA,NA,NA,NA,NA,160.55863115064,2866.54856541555,214.098789587233,267.638948023827,107.018472714046,53.4783142774524,0.333461727051977
"misc_species","Shrimps",2014,"299","Western Aleutians","Western Aleutians",9.57916260943465,4.86729848512655,18.8524202036081,2.25959017787361,0.345440592727017,8.96921335955591,0.399467244218155,2.1937979754086,0.384776252636615,4.2192204273808,19.0667422273493,8.96921335955591,12.8372221661134,12.5521203031024,16.1350272466488,5.38630641600946,1.803399472463,0.399467244218155
"misc_species","Shrimps",2014,"3499","Central Aleutians","Central Aleutians",29.7486498457771,15.8653078281741,55.780964178651,3.39278374762656,0.320745138566253,33.0101913282682,0.390827948106014,3.49681634191823,0.377024326652716,15.766102759114,69.1149073539409,33.0101913282682,166.443679564003,45.9114966716823,58.8128020150963,20.1088859848542,7.20758064144023,0.390827948106014
"misc_species","Shrimps",2014,"5699","Eastern Aleutians","Eastern Aleutians",36.9791591988759,16.9355447895864,80.7448612988615,3.61035448905571,0.398446012281998,32.153640849397,0.48664572181694,3.47052568997623,0.461028037030224,13.0257392404513,79.3702837733293,32.153640849397,244.842120690035,47.8010726095944,63.4485043697918,16.5062090891995,0.858777329002116,0.48664572181694
"misc_species","Shrimps",2014,"799","Southern Bering Sea","Southern Bering Sea",54.4541391125438,18.7395677980433,158.234880251502,3.99735886324914,0.544255740508661,68.8563450736687,0.641479486030592,4.23202237886112,0.587069064043608,21.7886274462753,217.599583479713,68.8563450736687,1950.98296777935,113.026277921471,157.196210769273,24.6864122258666,0,0.641479486030592
"misc_species","Shrimps",2014,"99904","All","AI Region: All Strata",130.761110766631,77.8431186364099,219.652917154911,NA,NA,NA,NA,NA,NA,NA,NA,142.98939061089,2375.1059901995,191.724449759305,240.45950890772,94.254331462475,45.51927231406,0.340829896121701
"misc_species","Shrimps",2016,"299","Western Aleutians","Western Aleutians",8.75537439435749,5.43918365658839,14.0933981320006,2.16966772831377,0.242881372101011,8.27364540943538,0.257700206543716,2.11307521111838,0.253569125133105,5.03336556244063,13.5998880891693,8.27364540943538,4.54593625250788,10.4057655403164,12.5378856711973,6.14152527855441,4.00940514767345,0.257700206543716
"misc_species","Shrimps",2016,"3499","Central Aleutians","Central Aleutians",21.3074138176281,12.407637032163,36.5908417871008,3.05905507870958,0.275894307372765,25.1044525021349,0.312990550978134,3.2230452209292,0.305706922239326,13.7889929766564,45.7055519934542,25.1044525021349,61.7396214023761,32.9619089227825,40.8193653434301,17.2469960814873,9.38953966083968,0.312990550978134
"misc_species","Shrimps",2016,"5699","Eastern Aleutians","Eastern Aleutians",34.722139485013,13.922642321899,86.5946953560937,3.54737750900577,0.466264205539657,48.4713592515395,0.625848110046142,3.8809730926153,0.574905086854978,15.7081522290848,149.570276212474,48.4713592515395,920.255214986592,78.8070678304831,109.142776409427,18.1356506725959,0,0.625848110046142
"misc_species","Shrimps",2016,"799","Southern Bering Sea","Southern Bering Sea",20.9692496391565,6.7315059717351,65.3211082743684,3.0430570616869,0.57973421046504,24.3616332077863,0.718700161437252,3.19300948524891,0.645309831743029,6.87729534478227,86.2968860281663,24.3616332077863,306.554916035099,41.8703429270974,59.3790526464085,6.85292348847516,0,0.718700161437252
"misc_species","Shrimps",2016,"99904","All","AI Region: All Strata",85.7541773361552,52.8363803045682,139.180218028012,NA,NA,NA,NA,NA,NA,NA,NA,106.211090370896,1293.09568867657,142.170730089288,178.130369807681,70.2514506525037,34.2918109341115,0.338567654214064
"misc_species","Shrimps",2018,"299","Western Aleutians","Western Aleutians",21.2686197711138,6.96428967721136,64.9533847577326,3.05723273623282,0.569621241826522,42.4818643972118,0.69929408976313,3.74907726479385,0.630961934818386,12.334677406381,146.311795858518,42.4818643972118,882.524665222308,72.1891810923007,101.89649778739,12.7745477021229,0,0.69929408976313
"misc_species","Shrimps",2018,"3499","Central Aleutians","Central Aleutians",6.00061020932313,3.18501607059171,11.305224867372,1.79186116561066,0.323171158186469,4.9993028490799,0.378632352948668,1.60929847252879,0.366023832921337,2.43977285441693,10.2439983015514,4.9993028490799,3.58306208446314,6.89220064993,8.7850984507801,3.1064050482298,1.2135072473797,0.378632352948668
"misc_species","Shrimps",2018,"5699","Eastern Aleutians","Eastern Aleutians",11.7365893099467,6.82463496372757,20.1838676152605,2.46271125344731,0.276623653930062,11.1994583240631,0.296891976013837,2.41586541320854,0.290644575995573,6.3357773406724,19.7967605249074,11.1994583240631,11.0558199264287,14.5244876361788,17.8495169482945,7.87442901194739,4.54939969983168,0.296891976013837
"misc_species","Shrimps",2018,"799","Southern Bering Sea","Southern Bering Sea",2.68702620861851,1.27650883400396,5.6561377825767,0.988435083444553,0.379755042006528,2.28904736606469,0.400672468107837,0.828135733663582,0.385854970652,1.07451982559917,4.87635287805503,2.28904736606469,0.841179269808326,3.20620562384157,4.12336388161846,1.37188910828781,0.454730850510926,0.400672468107837
"misc_species","Shrimps",2018,"99904","All","AI Region: All Strata",41.6928454990022,22.9147092252555,75.8592809848008,NA,NA,NA,NA,NA,NA,NA,NA,60.9696729364195,898.004726503008,90.9363999265832,120.903126916747,31.0029459462557,1.03621895609198,0.491502177179361
"misc_species","Shrimps",2022,"299","Western Aleutians","Western Aleutians",2.64442414772958,1.40759977344397,4.96801662306724,0.972453328083445,0.321723953880784,2.1675425900429,0.340540204747724,0.773594078864933,0.331242900456236,1.13243470811687,4.14879625816361,2.1675425900429,0.544843864913487,2.90567798745552,3.64381338486814,1.42940719263028,0.691271795217656,0.340540204747724
"misc_species","Shrimps",2022,"3499","Central Aleutians","Central Aleutians",2.02849452391732,1.01290109322078,4.06238087914243,0.707293904088288,0.3543306543173,1.58380790326883,0.425943282461408,0.459832012849178,0.40831801985571,0.711445402399933,3.52584677052522,1.58380790326883,0.455101805376492,2.25842024037548,2.93303257748213,0.909195566162186,0.23458322905554,0.425943282461408
"misc_species","Shrimps",2022,"5699","Eastern Aleutians","Eastern Aleutians",4.12096896865098,2.63382187813066,6.44781083397999,1.41608832227518,0.228398250614763,3.82498946770966,0.236519509703763,1.34155571373475,0.233308305967405,2.42124007532995,6.04258312802629,3.82498946770966,0.818454286135802,4.72967410123441,5.63435873475915,2.92030483418492,2.01562020066017,0.236519509703763
"misc_species","Shrimps",2022,"799","Southern Bering Sea","Southern Bering Sea",31.7863459086153,10.380333619066,97.3351939639344,3.45903682363583,0.570992025709125,52.3381295908542,0.633910891480729,3.95772516071364,0.58119515873889,16.7534395187934,163.505518135319,52.3381295908542,1100.76046654835,85.5158399782265,118.693550365599,19.1604192034819,0,0.633910891480729
"misc_species","Shrimps",2022,"99904","All","AI Region: All Strata",40.5802335489131,16.8415817081768,97.7791387660945,NA,NA,NA,NA,NA,NA,NA,NA,59.9144695518756,1102.57886650478,93.1195725709114,126.324675589947,26.7093665328399,0,0.554208411880971
"misc_species","Shrimps",2024,"299","Western Aleutians","Western Aleutians",6.97860782388955,2.47889513335448,19.6462393686454,1.94284944471623,0.52808954792901,12.4748829097159,0.71239433620912,2.52371725559882,0.640668732066313,3.55384321873203,43.7899744116024,12.4748829097159,78.9794076167309,21.3619188394695,30.2489547692231,3.58784697996236,0,0.71239433620912
"misc_species","Shrimps",2024,"3499","Central Aleutians","Central Aleutians",2.59763463242909,1.17198490990537,5.75750218843674,0.954601274189555,0.406080144789885,4.85575707455813,0.568479823465123,1.58016502667352,0.529178468013427,1.72115278123109,13.6991771005107,4.85575707455813,7.61980774336912,7.61615699909246,10.3765569236268,2.0953571500238,0,0.568479823465123
"misc_species","Shrimps",2024,"5699","Eastern Aleutians","Eastern Aleutians",9.76515125390539,4.66979468381318,20.4202080537263,2.27882005359992,0.376386991611453,7.38375281126524,0.440800867015373,1.99928202037602,0.421384343338662,3.232913954979,16.8639828764701,7.38375281126524,10.5934928685181,10.6385174522981,13.8932820933311,4.12898817023233,0.874223529199415,0.440800867015373
"misc_species","Shrimps",2024,"799","Southern Bering Sea","Southern Bering Sea",1.20103833516592,0.348295275133264,4.1415809674312,0.183186461960561,0.631588712311014,0.510352099438913,0.666996333493371,-0.672654400417347,0.606654033935628,0.155412181202038,1.67592567961648,0.510352099438913,0.11587418819132,0.850755078555312,1.19115805767171,0.169949120322514,0,0.666996333493371
"misc_species","Shrimps",2024,"99904","All","AI Region: All Strata",20.54243204539,12.3129759215053,34.2720977470957,NA,NA,NA,NA,NA,NA,NA,NA,25.2247448949782,97.3085824168094,35.0892561558978,44.9537674168174,15.3602336340586,5.49572237313902,0.391064857226106
"misc_species","Shrimps",2026,"299","Western Aleutians","Western Aleutians",3.82515098639025,1.5906744933744,9.19847531951242,1.34159794006552,0.447681595701024,3.37336227674392,0.511192950558969,1.21590995521683,0.48182713756067,1.31199137796054,8.67351206823339,3.37336227674392,2.97368991836156,5.09780129229697,6.82224030785002,1.64892326119088,0,0.511192950558969
"misc_species","Shrimps",2026,"3499","Central Aleutians","Central Aleutians",1.01361261567842,0.598585074433426,1.71639851801337,0.0135207963546202,0.268733210664855,0.883309839017539,0.284407642239932,-0.12407924636233,0.278895418414354,0.511348348251363,1.52584099347017,0.883309839017539,0.0631115229087457,1.13452990769985,1.38574997638216,0.632089770335226,0.380869701652914,0.284407642239932
"misc_species","Shrimps",2026,"5699","Eastern Aleutians","Eastern Aleutians",113.878920311809,42.396816222304,305.88165921197,4.73513578143592,0.504122789453098,208.750652642038,0.532623308126513,5.341140490155,0.499736795139594,78.3882755746837,555.910111033882,208.750652642038,12362.2072233897,319.93611582581,431.121579009581,97.5651894582673,0,0.532623308126513
"misc_species","Shrimps",2026,"799","Southern Bering Sea","Southern Bering Sea",55.3200974189661,15.6343480587101,195.742935167607,4.01313626780307,0.644739385665445,94.1389938797252,0.726840325111437,4.54477234842624,0.651271027151234,26.2667686561206,337.39019384944,94.1389938797252,4681.84609108569,162.563010796928,230.987027714131,25.7149769625222,0,0.726840325111437
"misc_species","Shrimps",2026,"99904","All","AI Region: All Strata",174.037781332844,81.2785957035245,372.658374189224,NA,NA,NA,NA,NA,NA,NA,NA,307.146318637525,17047.0901159167,437.710824212037,568.275329786549,176.581813063013,46.0173074885017,0.425088948334737
"misc_species","Sea stars",1991,"299","Western Aleutians","Western Aleutians",410.107450835165,192.510141363302,873.658499440375,6.01641920057036,0.385859317716445,354.507054410791,0.503375120022353,5.8707282453815,0.475235833232298,139.670088099063,899.80076147642,354.507054410791,31844.4135863153,532.957085473594,711.407116536397,176.057023347988,0,0.503375120022353
"misc_species","Sea stars",1991,"3499","Central Aleutians","Central Aleutians",152.11401491212,73.799259815188,313.535306324613,5.02463033776935,0.369028023740675,135.959298258615,0.412410328210322,4.91235556343342,0.396325712148707,62.525310419331,295.639168506393,135.959298258615,3143.95915129755,192.030317076696,248.101335894777,79.8882794405347,23.8172606224541,0.412410328210322
"misc_species","Sea stars",1991,"5699","Eastern Aleutians","Eastern Aleutians",94.5727198748562,62.4429221356137,143.234798094545,4.54936906105433,0.211797854797114,74.8034652035527,0.210875513659044,4.31486421015811,0.208586017282107,49.7018983528002,112.582388035564,74.8034652035527,248.825989737825,90.5776843518284,106.351903500104,59.0292460552771,43.2550269070015,0.210875513659044
"misc_species","Sea stars",1991,"799","Southern Bering Sea","Southern Bering Sea",50.7034366004224,27.8702714988835,92.2430369290101,3.92599369134578,0.305328624914589,42.6643365787366,0.332921881951978,3.75336336232439,0.324212533304962,22.599289635126,80.5443730795203,42.6643365787366,201.750525960768,56.8682278047622,71.0721190307879,28.460445352711,14.2565541266854,0.332921881951978
"misc_species","Sea stars",1991,"99904","All","AI Region: All Strata",707.497622222563,442.010300483047,1132.44620069613,NA,NA,NA,NA,NA,NA,NA,NA,607.934154451696,35438.9492533115,796.186509691442,984.438864931188,419.68179921195,231.429443972204,0.30965911992481
"misc_species","Sea stars",1994,"299","Western Aleutians","Western Aleutians",532.93387492669,413.984612086726,686.060560591265,6.27839735441827,0.128863873085735,556.414659469081,0.132491838074321,6.32151380669912,0.131915858910955,429.646799327696,720.585545514469,556.414659469081,5434.69751837491,630.135060433637,703.855461398193,482.694258504525,408.973857539969,0.132491838074321
"misc_species","Sea stars",1994,"3499","Central Aleutians","Central Aleutians",292.52519994563,229.289587348505,373.200517270627,5.67855081662117,0.124270160224169,297.559313818865,0.126528010971479,5.69561357929435,0.126025948225995,232.434219857847,380.931625706853,297.559313818865,1417.49148587214,335.208901942404,372.858490065944,259.909725695326,222.260137571787,0.126528010971479
"misc_species","Sea stars",1994,"5699","Eastern Aleutians","Eastern Aleutians",297.216197724047,213.903685092859,412.977776194885,5.69445981244881,0.167826537116412,331.274390960858,0.186981216818323,5.80294700767903,0.185377148915123,230.353358727141,476.410340673521,331.274390960858,3836.8223553197,393.216479683468,455.158568406078,269.332302238248,207.390213515638,0.186981216818323
"misc_species","Sea stars",1994,"799","Southern Bering Sea","Southern Bering Sea",106.61883585699,71.9984942447553,157.886304133753,4.66926019271739,0.200317449853265,118.654695484882,0.21258076137962,4.77621755634974,0.21023615792385,78.5835396718635,179.158852087837,118.654695484882,636.23531952622,143.878400992325,169.102106499768,93.4309899774389,68.2072844699958,0.21258076137962
"misc_species","Sea stars",1994,"99904","All","AI Region: All Strata",1229.29410845336,1056.89384942039,1429.81625440139,NA,NA,NA,NA,NA,NA,NA,NA,1303.90305973369,11325.246679093,1410.32320199582,1516.74334425796,1197.48291747155,1091.06277520942,0.081616605979796
"misc_species","Sea stars",1997,"299","Western Aleutians","Western Aleutians",253.18825610265,188.268963070828,340.493153957536,5.53413330729328,0.151156712357703,240.944547219967,0.15907627106523,5.48456681249189,0.158083468149474,176.748692689554,328.456601017147,240.944547219967,1469.07851974197,279.27310732522,317.601667430473,202.615987114715,164.287427009462,0.15907627106523
"misc_species","Sea stars",1997,"3499","Central Aleutians","Central Aleutians",210.532162061482,133.93612411912,330.932312352577,5.34963843034205,0.230757010479569,199.385112457319,0.247672828156541,5.29523819304191,0.243995870361486,123.595615952789,321.649135878761,199.385112457319,2438.60905401434,248.767387151933,298.149661846548,150.002837762705,100.620563068091,0.247672828156541
"misc_species","Sea stars",1997,"5699","Eastern Aleutians","Eastern Aleutians",477.639228581992,322.811143808705,706.726632757119,6.16885569560231,0.199895631022291,504.012177758321,0.243943621624095,6.22260042999836,0.240426937777659,314.622117288517,807.407557732931,504.012177758321,15116.8392170236,626.962733743333,749.913289728345,381.061621773309,258.111065788297,0.243943621624095
"misc_species","Sea stars",1997,"799","Southern Bering Sea","Southern Bering Sea",74.9895777127279,44.731700667492,125.714799160766,4.31734914004965,0.263610304407488,64.027536634035,0.306623435101493,4.15931325073122,0.299761728934327,35.580262433312,115.219089659792,64.027536634035,385.428900457655,83.6598798578495,103.292223081664,44.3951934102205,24.762850186406,0.306623435101493
"misc_species","Sea stars",1997,"99904","All","AI Region: All Strata",1016.34922445885,813.470345036752,1269.82594062657,NA,NA,NA,NA,NA,NA,NA,NA,1008.36937406964,19409.9556912376,1147.68899110629,1287.00860814293,869.049757032997,729.730139996351,0.138163276889668
"misc_species","Sea stars",2000,"299","Western Aleutians","Western Aleutians",269.1786657613,159.395767134326,454.573891162195,5.59537534411485,0.267344266137613,327.640308334188,0.348160024375504,5.7919163857231,0.338250318244875,168.841084511706,635.794137166179,327.640308334188,13012.2518414795,441.711566070217,555.782823806245,213.569050598159,99.4977928621307,0.348160024375504
"misc_species","Sea stars",2000,"3499","Central Aleutians","Central Aleutians",349.564195749644,264.540140128443,461.91525751353,5.85668722363285,0.142193544130059,350.716938873467,0.146773578002213,5.85997945616069,0.145992203374195,263.443782355232,466.901781143261,350.716938873467,2649.77651535871,402.19291885791,453.668898842352,299.240958889025,247.764978904583,0.146773578002213
"misc_species","Sea stars",2000,"5699","Eastern Aleutians","Eastern Aleutians",630.002396080034,447.228115288252,887.473317304229,6.44572362267999,0.174827106983149,659.947407933485,0.20816440095047,6.49216014689619,0.205960769074331,440.752924828623,988.15131268266,659.947407933485,18872.5931209341,797.324964764774,934.702521596063,522.569851102196,385.192294270906,0.20816440095047
"misc_species","Sea stars",2000,"799","Southern Bering Sea","Southern Bering Sea",116.909427859448,73.2942547427481,186.478658803416,4.76139951415206,0.238227483800051,140.43829747915,0.270054323317201,4.94476822846365,0.265316050099195,83.4926267655372,236.223438678339,140.43829747915,1438.37915444062,178.364266872702,216.290236266254,102.512328085599,64.586358692047,0.270054323317201
"misc_species","Sea stars",2000,"99904","All","AI Region: All Strata",1365.65468545043,1111.67231164908,1677.6640925113,NA,NA,NA,NA,NA,NA,NA,NA,1478.74295262029,35973.0006322129,1668.40844930383,1858.07394598737,1289.07745593675,1099.41195925322,0.128261302173887
"misc_species","Sea stars",2002,"299","Western Aleutians","Western Aleutians",176.110410028509,136.334259232543,227.491436818591,5.17111112805656,0.130615394613112,169.293687325522,0.138023737267445,5.13163500153029,0.137373077709694,129.332772780433,221.601624647205,169.293687325522,545.995538352371,192.660234745977,216.026782166432,145.927139905068,122.560592484613,0.138023737267445
"misc_species","Sea stars",2002,"3499","Central Aleutians","Central Aleutians",446.085765062921,292.97219501668,679.219779817132,6.10051123188046,0.214510842156678,477.521913821685,0.23329302472328,6.16861005168802,0.230209029450219,304.115828928356,749.803714536817,477.521913821685,12410.5240573854,588.924445468795,700.326977115905,366.119382174575,254.716850527465,0.23329302472328
"misc_species","Sea stars",2002,"5699","Eastern Aleutians","Eastern Aleutians",648.885994015465,473.535049610456,889.169732157754,6.47525703719857,0.160733109071552,679.478869929845,0.190513947239727,6.52132613661004,0.188818422498336,469.303100250747,983.781130860759,679.478869929845,16757.3546881509,808.929071506169,938.379273082493,550.028668353521,420.578466777197,0.190513947239727
"misc_species","Sea stars",2002,"799","Southern Bering Sea","Southern Bering Sea",71.6276992362338,42.4636003819719,120.821768567099,4.27148185999649,0.266757255114696,54.0589045591643,0.298450427439633,3.99007427721651,0.292107105904871,30.4947601353947,95.8317149950262,54.0589045591643,260.302831582862,70.1928077317652,86.3267109043661,37.9250013865634,21.7910982139624,0.298450427439633
"misc_species","Sea stars",2002,"99904","All","AI Region: All Strata",1342.70986834313,1087.1037529982,1658.41557033886,NA,NA,NA,NA,NA,NA,NA,NA,1380.35337563622,29974.1771154715,1553.4838960983,1726.61441656038,1207.22285517413,1034.09233471205,0.125424781449377
"misc_species","Sea stars",2004,"299","Western Aleutians","Western Aleutians",203.000446441685,161.278810083591,255.51516181304,5.31320817825949,0.117386632189377,208.089179907803,0.123397386453748,5.33796673737123,0.122931481190952,163.534742753816,264.782309040515,208.089179907803,659.342271859389,233.766840857729,259.444501807656,182.411518957876,156.733858007949,0.123397386453748
"misc_species","Sea stars",2004,"3499","Central Aleutians","Central Aleutians",259.986043407015,197.744565524185,341.818459522558,5.56062795037096,0.13962084395725,251.90337666933,0.144009264550097,5.52904558806955,0.143270896505959,190.231127021936,333.569548636975,251.90337666933,1315.97864887516,288.179796681166,324.456216693003,215.626956657494,179.350536645657,0.144009264550097
"misc_species","Sea stars",2004,"5699","Eastern Aleutians","Eastern Aleutians",556.559805155687,396.559283076046,781.116039731029,6.32177463152852,0.172936384723843,563.16751581278,0.219425726067613,6.33357712529116,0.216851245497945,368.174309856722,861.433409056057,563.16751581278,15270.3953341521,686.740956867693,810.314397922606,439.594074757867,316.020633702954,0.219425726067613
"misc_species","Sea stars",2004,"799","Southern Bering Sea","Southern Bering Sea",118.702872221323,70.0292740299656,201.206881961426,4.77662349863814,0.269244816611244,105.951342484792,0.348197978575841,4.66297995556175,0.338285160613095,54.5955962237698,205.615246481038,105.951342484792,1361.02285741775,142.843385765393,179.735429045994,69.0592992041907,32.1672559235896,0.348197978575841
"misc_species","Sea stars",2004,"99904","All","AI Region: All Strata",1138.24916722571,941.319081625362,1376.37830994875,NA,NA,NA,NA,NA,NA,NA,NA,1129.1114148747,18606.7391123044,1265.51793639147,1401.92445790824,992.704893357937,856.29837184117,0.120808734833227
"misc_species","Sea stars",2006,"299","Western Aleutians","Western Aleutians",150.165197500755,115.279177165989,195.608496649589,5.01173600476364,0.134889820875716,145.361677608562,0.141789593507118,4.97922496508187,0.141084605884477,110.244896033573,191.664358871914,145.361677608562,424.803971062185,165.972450788193,186.583223967823,124.750904428931,104.140131249301,0.141789593507118
"misc_species","Sea stars",2006,"3499","Central Aleutians","Central Aleutians",387.278449873083,227.988140026374,657.861403311361,5.95914394302346,0.270336769976154,408.020188864125,0.30342537638559,6.01131665569005,0.296769596219411,228.071445059623,729.948786342783,408.020188864125,15327.3510277823,531.823868243142,655.627547622159,284.216509485109,160.412830106092,0.30342537638559
"misc_species","Sea stars",2006,"5699","Eastern Aleutians","Eastern Aleutians",460.698598073271,364.201085819148,582.763771253749,6.13274402890115,0.11991948938068,447.718406512579,0.128224388663257,6.10416447789872,0.127701981032601,348.581894616531,575.04929150344,447.718406512579,3295.72656844708,505.126825480942,562.535244449305,390.309987544216,332.901568575853,0.128224388663257
"misc_species","Sea stars",2006,"799","Southern Bering Sea","Southern Bering Sea",265.440024143759,154.941649969864,454.741552262696,5.58138891739963,0.274668477283176,348.344314164754,0.291169902217841,5.85319139915189,0.285266752872271,199.154088174818,609.295858915017,348.344314164754,10287.5133920588,449.771694058246,551.199073951738,246.916934271261,145.489554377769,0.291169902217841
"misc_species","Sea stars",2006,"99904","All","AI Region: All Strata",1263.58226959087,1016.15343927381,1571.25891653276,NA,NA,NA,NA,NA,NA,NA,NA,1349.44458715002,29335.3949593504,1520.7203734111,1691.99615967218,1178.16880088894,1006.89301462786,0.126923171126876
"misc_species","Sea stars",2010,"299","Western Aleutians","Western Aleutians",198.983611788789,156.820571319696,252.482677669843,5.29322246851316,0.121492117426369,202.487974751216,0.12662755259925,5.31068050083869,0.126124310760575,158.140107144669,259.272493608093,202.487974751216,657.438146528262,228.128531424742,253.769088098267,176.847418077691,151.206861404166,0.12662755259925
"misc_species","Sea stars",2010,"3499","Central Aleutians","Central Aleutians",417.207274716884,298.237943529282,583.634355900123,6.03358315997576,0.171274332847612,411.58776519805,0.178842477431864,6.02002227853766,0.177436679460127,290.688654111638,582.769523559271,411.58776519805,5418.34017749735,485.197140806714,558.806516415378,337.978389589387,264.369013980723,0.178842477431864
"misc_species","Sea stars",2010,"5699","Eastern Aleutians","Eastern Aleutians",518.589453942984,382.311448183298,703.444856330701,6.25111253726915,0.155552323344301,511.211610547321,0.172655105960713,6.23678361514367,0.17138877158759,365.354383218002,715.298140004658,511.211610547321,7790.4092067265,599.474905334715,687.73820012211,422.948315759926,334.685020972532,0.172655105960713
"misc_species","Sea stars",2010,"799","Southern Bering Sea","Southern Bering Sea",176.874369315576,99.9441989076196,313.020093839559,5.17543970268415,0.291243965638408,188.698145998833,0.374012236325278,5.24014862720082,0.361839072350898,92.8473806822685,383.500213379709,188.698145998833,4980.88928364851,259.273561574291,329.848977149748,118.122730423376,47.5473148479185,0.374012236325278
"misc_species","Sea stars",2010,"99904","All","AI Region: All Strata",1311.65470976423,1093.28632935003,1573.63906550401,NA,NA,NA,NA,NA,NA,NA,NA,1313.98549649542,18847.0768144006,1451.27015264606,1588.55480879671,1176.70084034478,1039.41618419413,0.104479582550037
"misc_species","Sea stars",2012,"299","Western Aleutians","Western Aleutians",170.174860626704,128.750563732067,224.927039928024,5.13682650033385,0.142323830692002,174.256543564199,0.153632330976248,5.16052860167127,0.152737198210649,129.175144663886,235.071097105812,174.256543564199,716.709944825985,201.027982539831,227.799421515463,147.485104588567,120.713665612935,0.153632330976248
"misc_species","Sea stars",2012,"3499","Central Aleutians","Central Aleutians",563.125659712289,413.132400335481,767.575983798156,6.33350279988207,0.158030799960352,599.713399780562,0.163210657090629,6.39645187406451,0.162139173981151,436.446120586471,824.056269289495,599.713399780562,9580.41962848638,697.593017824803,795.472635869043,501.833781736322,403.954163692082,0.163210657090629
"misc_species","Sea stars",2012,"5699","Eastern Aleutians","Eastern Aleutians",589.566185911723,350.423938675785,991.907941232542,6.37938698833451,0.265435139406034,1109.40699572931,0.625020559865183,7.01158091346866,0.57425757921281,359.982975610961,3419.00580182783,1109.40699572931,480806.585432497,1802.80917731839,2496.21135890747,416.004814140225,0,0.625020559865183
"misc_species","Sea stars",2012,"799","Southern Bering Sea","Southern Bering Sea",124.380683432508,76.9654108529898,201.006585161844,4.82334689037449,0.244897754720622,103.892860303427,0.285564344497966,4.64336017874143,0.279986461929189,60.0151360075944,179.850070166657,103.892860303427,880.195952933751,133.560956853993,163.22905340456,74.2247637528599,44.5566672022931,0.285564344497966
"misc_species","Sea stars",2012,"99904","All","AI Region: All Strata",1447.24738968322,1127.75553738293,1857.25091787664,NA,NA,NA,NA,NA,NA,NA,NA,1987.26979937749,491983.910958743,2688.68544716327,3390.10109494905,1285.85415159172,584.438503805937,0.352954414144217
"misc_species","Sea stars",2014,"299","Western Aleutians","Western Aleutians",110.536992457909,80.3119166364852,152.137157390277,4.70535023830844,0.162978620747702,114.765334103301,0.180718156094552,4.74288947054274,0.1792681774713,80.7639174137424,163.081266159596,114.765334103301,430.155048294021,135.505513666024,156.245693228748,94.0251545405768,73.2849749778532,0.180718156094552
"misc_species","Sea stars",2014,"3499","Central Aleutians","Central Aleutians",176.446966326994,127.673091755646,243.853512888885,5.17302035715395,0.165078202146649,178.318169077471,0.173836555389707,5.18356942140193,0.172544326620362,127.152703698177,250.072302816456,178.318169077471,960.889412282942,209.316385353298,240.314601629125,147.319952801644,116.321736525817,0.173836555389707
"misc_species","Sea stars",2014,"5699","Eastern Aleutians","Eastern Aleutians",510.882578120058,374.867931772628,696.247895605285,6.23613977538354,0.157944735630467,498.854448392965,0.183560396279318,6.21231436661547,0.182041752368291,349.156095862719,712.734973354994,498.854448392965,8385.05029142549,590.424368625678,681.994288858392,407.284528160252,315.714607927538,0.183560396279318
"misc_species","Sea stars",2014,"799","Southern Bering Sea","Southern Bering Sea",174.859665707074,116.355419692613,262.780219193614,5.16398374197621,0.207827427230127,185.228098068826,0.237281879588501,5.22158802813842,0.234040130809846,117.082381313212,293.036816721484,185.228098068826,1931.71424557879,229.1793693312,273.130640593574,141.276826806451,97.3255555440773,0.237281879588501
"misc_species","Sea stars",2014,"99904","All","AI Region: All Strata",972.726202612035,803.438843248809,1177.68299752843,NA,NA,NA,NA,NA,NA,NA,NA,977.166049642562,11707.8089975812,1085.36867898946,1193.57130833635,868.963420295669,760.760790948775,0.110731056800912
"misc_species","Sea stars",2016,"299","Western Aleutians","Western Aleutians",52.3324257682191,35.9164371147711,76.2515162078771,3.95761617452127,0.192055123681447,43.6975011713072,0.205642303294813,3.77729091903201,0.203516640330869,29.323980656945,65.1163848099237,43.6975011713072,80.7491806726243,52.6835559604026,61.669610749498,34.7114463822118,25.7253915931164,0.205642303294813
"misc_species","Sea stars",2016,"3499","Central Aleutians","Central Aleutians",44.5418656985723,29.7444533240417,66.7007652921308,3.79642954911027,0.206017498574282,36.8354889708922,0.207303080073582,3.60646175467385,0.205126281254043,24.6412441658211,55.0643156893335,36.8354889708922,58.3101808143601,44.4715992905746,52.107709610257,29.1993786512098,21.5632683315274,0.207303080073582
"misc_species","Sea stars",2016,"5699","Eastern Aleutians","Eastern Aleutians",490.154317117302,365.301260153904,657.679785959427,6.19472027441617,0.150001680285339,510.052796731638,0.1753749956777,6.23451424336345,0.174048530848693,362.630856040817,717.406837063209,510.052796731638,8001.39320653042,599.503303753848,688.953810776058,420.602289709429,331.151782687219,0.1753749956777
"misc_species","Sea stars",2016,"799","Southern Bering Sea","Southern Bering Sea",178.988135055372,104.098724773387,307.753553757179,5.18731951903697,0.276525384028304,206.241174240289,0.361478858647342,5.32904623273697,0.350439286236368,103.77217310442,409.892369789849,206.241174240289,5557.97450205464,280.792998510756,355.344822781223,131.689349969822,57.1375256993543,0.361478858647342
"misc_species","Sea stars",2016,"99904","All","AI Region: All Strata",766.016743639466,608.970698185144,963.56303067576,NA,NA,NA,NA,NA,NA,NA,NA,796.826961114127,13698.427070072,913.867240804804,1030.90752049548,679.786681423449,562.746401732772,0.146882931178723
"misc_species","Sea stars",2018,"299","Western Aleutians","Western Aleutians",80.5295904213967,56.1284636568244,115.538792814427,4.38862469975698,0.184177691623018,86.9735818675247,0.202246959385941,4.46560441584644,0.200223389043523,58.7431050014017,128.7709245653,86.9735818675247,309.413112453018,104.563724347136,122.153866826747,69.3834393879136,51.7932969083025,0.202246959385941
"misc_species","Sea stars",2018,"3499","Central Aleutians","Central Aleutians",176.51579355006,113.194813631315,275.258418412094,5.17341035424012,0.226687841716984,205.151070550622,0.237168356388868,5.32374663725441,0.233931167883376,129.703356941332,324.486295039404,205.151070550622,2367.34232595246,253.806412764529,302.461754978437,156.495728336714,107.840386122806,0.237168356388868
"misc_species","Sea stars",2018,"5699","Eastern Aleutians","Eastern Aleutians",390.42838606891,292.023014296062,521.994216845633,5.96724456211317,0.1481720833439,391.717442854379,0.166551236374278,5.97054077083777,0.165413269117922,283.251932024672,541.717593732102,391.717442854379,4256.39126694924,456.958467271147,522.199491687914,326.476418437612,261.235394020845,0.166551236374278
"misc_species","Sea stars",2018,"799","Southern Bering Sea","Southern Bering Sea",129.341924854137,79.5730437591575,210.238703141827,4.8624594780334,0.247853579254615,130.855339881341,0.289093169691184,4.87409243732453,0.283311897420523,75.0993063209141,228.006366693864,130.855339881341,1431.06236776182,168.684724858654,206.514109835968,93.0259549040266,55.1965699267127,0.289093169691184
"misc_species","Sea stars",2018,"99904","All","AI Region: All Strata",776.815694894504,636.897153932018,947.47263370381,NA,NA,NA,NA,NA,NA,NA,NA,814.697435153866,8364.20907311654,906.153485107473,997.609535061079,723.24138520026,631.785335246654,0.112257687341723
"misc_species","Sea stars",2022,"299","Western Aleutians","Western Aleutians",67.4150139307877,44.3631009910764,102.445140257496,4.21086775172827,0.213503763268696,62.6463639822489,0.242061542396328,4.13750564266264,0.238624002305712,39.2444954976953,100.002990748776,62.6463639822489,229.955251168914,77.8106394733139,92.9749149643788,47.4820884911839,32.317813000119,0.242061542396328
"misc_species","Sea stars",2022,"3499","Central Aleutians","Central Aleutians",97.1595949894123,64.8587094214417,145.546943235751,4.57635493563426,0.206199571039403,92.6623035397852,0.218766755287541,4.528961739811,0.216215015571507,60.6541523008143,141.561660192949,92.6623035397852,410.930934364612,112.933735022653,133.205166505521,72.3908720569172,52.1194405740492,0.218766755287541
"misc_species","Sea stars",2022,"5699","Eastern Aleutians","Eastern Aleutians",239.407762362214,160.959320811436,356.090448135202,5.4781682168347,0.202563186198676,226.6933639117,0.254853922948794,5.42359828452967,0.250855217019726,138.646994346716,370.652688749177,226.6933639117,3337.79961433848,284.467057011055,342.24075011041,168.919670812345,111.145977712989,0.254853922948794
"misc_species","Sea stars",2022,"799","Southern Bering Sea","Southern Bering Sea",61.8853650575724,29.6011481137443,129.38006301623,4.12528372294158,0.376267411316924,55.5511377920416,0.554439862161636,4.01730399818086,0.517728843827502,20.1373059160788,153.244377517571,55.5511377920416,948.625535164183,86.3509029723832,117.150668152725,24.7513726117,0,0.554439862161636
"misc_species","Sea stars",2022,"99904","All","AI Region: All Strata",465.867736339986,363.185847970993,597.580409520463,NA,NA,NA,NA,NA,NA,NA,NA,437.553169225775,4927.31133503619,507.74797911252,577.942788999264,367.358359339031,297.163549452287,0.16042578325041
"misc_species","Sea stars",2024,"299","Western Aleutians","Western Aleutians",87.4277597975249,59.3438708379201,128.802066250278,4.47081285005228,0.197689349835704,74.9895214768301,0.220346911224654,4.31734839013318,0.217740420741289,48.9395081303721,114.905697792129,74.9895214768301,273.032973381083,91.5132309084645,108.036940340099,58.4658120451957,41.9421026135613,0.220346911224654
"misc_species","Sea stars",2024,"3499","Central Aleutians","Central Aleutians",133.771483763848,89.5810362596251,199.761139361221,4.89613299914886,0.204590162686575,126.990982702352,0.219375758557975,4.84411608159412,0.216803006946098,83.0290043073741,194.229833565242,126.990982702352,776.109570474412,154.849725862703,182.708469023054,99.1322395420008,71.2734963816497,0.219375758557975
"misc_species","Sea stars",2024,"5699","Eastern Aleutians","Eastern Aleutians",211.971462023333,148.377038792676,302.822465510257,5.35645165251337,0.181990619052982,195.090990816904,0.228601364556798,5.27346606930456,0.225696447193533,125.34991686318,303.63398437244,195.090990816904,1988.98755458021,239.689057530387,284.287124243869,150.492924103422,105.89485738994,0.228601364556798
"misc_species","Sea stars",2024,"799","Southern Bering Sea","Southern Bering Sea",48.3390745631247,23.2790612218226,100.376304153917,3.87824023076284,0.372805796432662,27.8338303476948,0.475692416269916,3.32625219983268,0.451650159992207,11.4849117552856,67.4556433981924,27.8338303476948,175.306656598488,41.0741723598367,54.3145143719785,14.593488335553,1.35314632341111,0.475692416269916
"misc_species","Sea stars",2024,"99904","All","AI Region: All Strata",481.509780147831,387.306765478725,598.625402506035,NA,NA,NA,NA,NA,NA,NA,NA,424.905325343781,3213.43675503419,481.592508683882,538.279692023983,368.218142003681,311.53095866358,0.133411327086184
"misc_species","Sea stars",2026,"299","Western Aleutians","Western Aleutians",272.363333579061,154.542968943096,480.007508498253,5.60713696014575,0.289119999555252,390.752553987101,0.299674755779298,5.96807450539565,0.29325542409884,219.928927181283,694.258642573132,390.752553987101,13712.0999645656,507.851230173323,624.949906359544,273.65387780088,156.555201614658,0.299674755779298
"misc_species","Sea stars",2026,"3499","Central Aleutians","Central Aleutians",361.717407791311,156.969497696192,833.534444714218,5.89086326550609,0.42593219457488,522.410881292065,0.502793058950353,6.25845440717114,0.474743860222734,206.020059292054,1324.69202188448,522.410881292065,68992.6737243885,785.075446325852,1047.74001135964,259.746316258278,0,0.502793058950353
"misc_species","Sea stars",2026,"5699","Eastern Aleutians","Eastern Aleutians",236.387877033599,179.671290897077,311.00810891631,5.46547400263324,0.139974502111246,240.414381823552,0.148945669258488,5.48236402542884,0.148129367361588,179.834287228932,321.40186322768,240.414381823552,1282.2616349651,276.223062823626,312.031743823701,204.605700823477,168.797019823403,0.148945669258488
"misc_species","Sea stars",2026,"799","Southern Bering Sea","Southern Bering Sea",85.4245764313035,32.183343285394,226.743324761397,4.44763383961977,0.498062626600878,206.192226479498,0.771415293087288,5.32880887193673,0.683319007653471,54.0293937397036,786.890825860412,206.192226479498,25300.0316898422,365.252063301501,524.311900123504,47.1323896574956,0,0.771415293087288
"misc_species","Sea stars",2026,"99904","All","AI Region: All Strata",955.893194835274,659.22288385674,1386.07415232108,NA,NA,NA,NA,NA,NA,NA,NA,1359.77004358222,109287.067013761,1690.35598855532,2020.94193352843,1029.18409860911,698.598153636005,0.243119008639285
"jellyfish","Jellyfish",1991,"299","Western Aleutians","Western Aleutians",2535.20882222985,1565.86052227473,4104.6336381066,7.83803128826567,0.245841497965297,2586.49243000962,0.251270934040492,7.85805796270803,0.247434938900334,1592.55415627239,4200.76332358824,2586.49243000962,422383.487444086,3236.40279878679,3886.31316756397,1936.58206123244,1286.67169245526,0.251270934040492
"jellyfish","Jellyfish",1991,"3499","Central Aleutians","Central Aleutians",378.168200849809,251.641105050738,568.314099976418,5.93533907244036,0.207827893556099,382.925576592388,0.211531876464202,5.9478406533075,0.209221269931947,254.111843652139,577.03724116591,382.925576592388,6561.15645449403,463.926542355113,544.927508117837,301.924610829664,220.92364506694,0.211531876464202
"jellyfish","Jellyfish",1991,"5699","Eastern Aleutians","Eastern Aleutians",274.67261833459,192.950853574928,391.006548377264,5.6155799097005,0.180179024052546,274.203800180569,0.182935500432735,5.61387162618815,0.181432131976283,192.149013286433,391.299037905463,274.203800180569,2516.18705825929,324.365409587159,374.527018993749,224.042190773979,173.880581367389,0.182935500432735
"jellyfish","Jellyfish",1991,"799","Southern Bering Sea","Southern Bering Sea",240.805941988434,64.6678023982227,896.698195182994,5.48399138916192,0.670791895377781,295.160776341142,0.801970098494771,5.68752021242503,0.704711860603187,74.1663353816967,1174.65536677717,295.160776341142,56031.6794305496,531.870893215241,768.58101008934,58.4506594670434,0,0.801970098494771
"jellyfish","Jellyfish",1991,"99904","All","AI Region: All Strata",3428.85558340268,2364.07298056113,4973.21813180282,NA,NA,NA,NA,NA,NA,NA,NA,3538.78258312372,487492.510387389,4236.98922186857,4935.19586061343,2840.57594437886,2142.36930563401,0.197301366315797
"jellyfish","Jellyfish",1994,"299","Western Aleutians","Western Aleutians",625.335330448534,374.824466711716,1043.27307909688,6.43828803457399,0.261142659251564,647.353609110647,0.269652944345284,6.47289268169673,0.264935244021518,385.148565850522,1088.06505433341,647.353609110647,30471.4752459604,821.91441583988,996.475222569112,472.792802381415,298.231995652183,0.269652944345284
"jellyfish","Jellyfish",1994,"3499","Central Aleutians","Central Aleutians",162.366939776789,78.8079013585073,334.522588192658,5.0898588342008,0.368805537764184,175.689366753661,0.399756373238159,5.16871747403135,0.385035094142063,82.6043676897566,373.669752018815,175.689366753661,4932.66643273305,245.922310823613,316.155254893565,105.456422683708,35.2234786137562,0.399756373238159
"jellyfish","Jellyfish",1994,"5699","Eastern Aleutians","Eastern Aleutians",309.780191310308,211.452675849511,453.830941333407,5.73586298568772,0.194831012252759,314.312970593582,0.199704525571617,5.75038921114667,0.19775526956615,213.320558752284,463.118248241996,314.312970593582,3940.03808449515,377.082693266979,439.852415940375,251.543247920185,188.773525246788,0.199704525571617
"jellyfish","Jellyfish",1994,"799","Southern Bering Sea","Southern Bering Sea",43.7432191586219,26.0482977531791,73.4585131239794,3.77833661013126,0.264486589306405,44.1077912938123,0.27356902704542,3.78663644017698,0.268648143446227,26.0520316225796,74.6773718458226,44.1077912938123,145.601038833616,56.174316843183,68.2408423925537,32.0412657444416,19.9747401950709,0.27356902704542
"jellyfish","Jellyfish",1994,"99904","All","AI Region: All Strata",1141.22568069425,831.343068724492,1566.6168436026,NA,NA,NA,NA,NA,NA,NA,NA,1181.4637377517,39489.7808020222,1380.18409604954,1578.90445434738,982.743379453862,784.023021156021,0.168198440585236
"jellyfish","Jellyfish",1997,"299","Western Aleutians","Western Aleutians",18.7066470228149,6.28320592034767,55.6942820707085,2.92887891646661,0.556642151580697,14.30847335078,0.647006868281045,2.66085190379475,0.591340070552895,4.48997288560738,45.59769398302,14.30847335078,85.7046488431436,23.566153883351,32.823834415922,5.05079281820906,0,0.647006868281045
"jellyfish","Jellyfish",1997,"3499","Central Aleutians","Central Aleutians",14.4355990844941,4.72540495905369,44.0991878439934,2.66969731447013,0.569777843055202,9.5583541987682,0.682356532278068,2.25741555730238,0.61828135692833,2.84512318499886,32.1118380641035,9.5583541987682,42.539163610556,16.0805596241252,22.6027650494822,3.03614877341122,0,0.682356532278068
"jellyfish","Jellyfish",1997,"5699","Eastern Aleutians","Eastern Aleutians",147.693586217278,47.6546820211222,457.738767411185,4.9951397642023,0.577132482676262,151.339224454833,0.766454730401088,5.0195238367312,0.679801995378915,39.9303389310691,573.587940190751,151.339224454833,13454.7621875121,267.333888933473,383.328553412112,35.3445599761944,0,0.766454730401088
"jellyfish","Jellyfish",1997,"799","Southern Bering Sea","Southern Bering Sea",4.92373878257582,1.89389235808344,12.8007294055374,1.59406815707257,0.487475282491605,3.9922715072492,0.545057833722483,1.38436036897443,0.51002135678201,1.46922768494307,10.8480339371031,3.9922715072492,4.73505807634803,6.16829036662244,8.34430922599569,1.81625264787596,0,0.545057833722483
"jellyfish","Jellyfish",1997,"99904","All","AI Region: All Strata",185.759571107162,74.7319230638761,461.738663254027,NA,NA,NA,NA,NA,NA,NA,NA,179.198323511631,13587.7410580421,295.764789778916,412.331256046201,62.6318572443459,0,0.650488598235794
"jellyfish","Jellyfish",2000,"299","Western Aleutians","Western Aleutians",14.8705897001827,8.11773870085824,27.2408913590432,2.6993854167256,0.308849443779056,14.1563521499076,0.324605164941114,2.65016343854478,0.316510308514924,7.61267509015189,26.3248206207358,14.1563521499076,21.1160930265744,18.7515771744928,23.346802199078,9.56112712532232,4.96590210073709,0.324605164941114
"jellyfish","Jellyfish",2000,"3499","Central Aleutians","Central Aleutians",31.2585370535454,12.1815651328327,80.2110507207593,3.44229252458744,0.480809228007176,31.7771711533813,0.572092351294899,3.45874814372252,0.532108083166339,11.1991229235112,90.1667580048932,31.7771711533813,330.493368091517,49.9566477160197,68.136124278658,13.597694590743,0,0.572092351294899
"jellyfish","Jellyfish",2000,"5699","Eastern Aleutians","Eastern Aleutians",62.3092330178883,34.0228647755676,114.112687008812,4.13210961734682,0.308718338768844,56.0164431624002,0.330272298660611,4.02564527553492,0.321761797948635,29.8147649806012,105.24456277311,56.0164431624002,342.275139965029,74.5171226084376,93.0178020544749,37.5157637163628,19.0150842703255,0.330272298660611
"jellyfish","Jellyfish",2000,"799","Southern Bering Sea","Southern Bering Sea",15.8794047887407,8.04065621309467,31.3600643731083,2.76502297329919,0.347206520253745,15.2997491489048,0.371592693624537,2.72783643276756,0.359643747149148,7.56057799088833,30.9609032935734,15.2997491489048,32.3223518031255,20.985024146926,26.6702991449473,9.61447415088355,3.9291991528623,0.371592693624537
"jellyfish","Jellyfish",2000,"99904","All","AI Region: All Strata",124.317764560357,83.2373911423575,185.672645107924,NA,NA,NA,NA,NA,NA,NA,NA,117.249715614594,726.206952886247,144.197942882565,171.146170150537,90.3014883466223,63.3532610786507,0.229836184477853
"jellyfish","Jellyfish",2002,"299","Western Aleutians","Western Aleutians",51.8355385028679,26.6569773471003,100.796238706883,3.94807598550992,0.339304732260868,46.4047477910505,0.361869044431197,3.83740177708054,0.350795217788866,23.3326993959106,92.2911053287053,46.4047477910505,281.98609959862,63.1971895312686,79.9896312714867,29.6123060508323,12.8198643106142,0.361869044431197
"jellyfish","Jellyfish",2002,"3499","Central Aleutians","Central Aleutians",46.6491628094288,29.1687294641026,74.6053884005724,3.842654980925,0.239574685020081,42.5128370194547,0.247219833256086,3.74980607783978,0.243562590783635,26.375410929034,68.5237214428838,42.5128370194547,110.460446392903,53.0228534986474,63.5328699778402,32.002820540262,21.4928040610692,0.247219833256086
"jellyfish","Jellyfish",2002,"5699","Eastern Aleutians","Eastern Aleutians",171.719955247633,115.815983211195,254.608580030591,5.14586498274389,0.20095389811237,165.444566897828,0.207808037816079,5.10863619549557,0.205615533836531,110.568711862545,247.555608227014,165.444566897828,1182.03327610125,199.825277712197,234.205988526566,131.06385608346,96.6831452690908,0.207808037816079
"jellyfish","Jellyfish",2002,"799","Southern Bering Sea","Southern Bering Sea",76.9647525479362,50.9488808392202,116.26502951965,4.34334755793228,0.210475686095725,77.6445572897436,0.216246392455476,4.35214145428223,0.213780424079688,51.0670524179596,118.054146289439,77.6445572897436,281.916034717204,94.4349126974532,111.225268105163,60.854201882034,44.0638464743243,0.216246392455476
"jellyfish","Jellyfish",2002,"99904","All","AI Region: All Strata",347.169409107866,271.657837610251,443.670610355167,NA,NA,NA,NA,NA,NA,NA,NA,332.006708998077,1856.39585680998,375.092621507968,418.178534017859,288.920796488186,245.834883978295,0.129774222454464
"jellyfish","Jellyfish",2004,"299","Western Aleutians","Western Aleutians",2350.70509583361,1345.7993499652,4105.97199925905,7.76247060291523,0.284559910064865,2639.87925052645,0.295424911166648,7.87848845665738,0.289266959179168,1497.47499908558,4653.80888603525,2639.87925052645,608222.318175616,3419.7653436039,4199.65143668136,1859.99315744899,1080.10706437154,0.295424911166648
"jellyfish","Jellyfish",2004,"3499","Central Aleutians","Central Aleutians",1528.35845930057,1252.45724263756,1865.03738458685,7.33194953599674,0.101576785494794,1554.30782672212,0.102149764576374,7.34878559800479,0.101884787868441,1272.95351681161,1897.84841968207,1554.30782672212,25208.6046906839,1713.080005301,1871.85218387988,1395.53564814324,1236.76346956436,0.102149764576374
"jellyfish","Jellyfish",2004,"5699","Eastern Aleutians","Eastern Aleutians",1845.29172448203,1289.48018310314,2640.67768784743,7.520392660226,0.182859586064734,1914.81207210199,0.187924576205904,7.55737476212664,0.186296410416315,1329.07768039085,2758.68395471761,1914.81207210199,129485.003478845,2274.65231926571,2634.49256642943,1554.97182493828,1195.13157777456,0.187924576205904
"jellyfish","Jellyfish",2004,"799","Southern Bering Sea","Southern Bering Sea",218.721521662659,137.09425460833,348.950466050547,5.38779933007771,0.238336344263952,219.611340199197,0.246855481651168,5.39185934855341,0.243214046936117,136.3422919069,353.73573430187,219.611340199197,2938.96947703005,273.823603360128,328.035866521059,165.399077038265,111.186813877334,0.246855481651168
"jellyfish","Jellyfish",2004,"99904","All","AI Region: All Strata",5943.07680127888,4615.00722441681,7653.32753522668,NA,NA,NA,NA,NA,NA,NA,NA,6328.61048954976,765854.895822174,7203.74184873087,8078.87320791198,5453.47913036866,4578.34777118755,0.138281754047936
"jellyfish","Jellyfish",2006,"299","Western Aleutians","Western Aleutians",2041.47278238913,1304.25520320761,3195.39543410373,7.6214267785077,0.228595704167117,2062.84358602805,0.23481367759493,7.63184069149985,0.231670143304166,1309.99101098803,3248.36096181119,2062.84358602805,234627.751669297,2547.22747476642,3031.61136350478,1578.45969728969,1094.07580855133,0.23481367759493
"jellyfish","Jellyfish",2006,"3499","Central Aleutians","Central Aleutians",2039.22652667281,1471.20747370056,2826.55227180585,7.6203258613496,0.16657811604937,2095.79507706705,0.169187418755741,7.6476882720864,0.167995115370169,1507.82560658867,2913.04046427216,2095.79507706705,125728.5077151,2450.37723639702,2804.95939572698,1741.21291773709,1386.63075840713,0.169187418755741
"jellyfish","Jellyfish",2006,"5699","Eastern Aleutians","Eastern Aleutians",3821.01485665901,2834.62478576774,5150.64801807781,8.24827133559925,0.15235304385749,3945.14308391337,0.154436177054053,8.28024050230878,0.153527039587464,2919.9828853519,5330.22095116623,3945.14308391337,371213.364086041,4554.41589972419,5163.688715535,3335.87026810255,2726.59745229174,0.154436177054053
"jellyfish","Jellyfish",2006,"799","Southern Bering Sea","Southern Bering Sea",513.791602790179,267.427946203658,987.113780908546,6.24181774119886,0.333152841727485,570.046981887675,0.351049188772471,6.34571878179624,0.340900849572642,292.237081076956,1111.95184526797,570.046981887675,40045.8253387933,770.161512441539,970.276042995403,369.932451333811,169.817920779947,0.351049188772471
"jellyfish","Jellyfish",2006,"99904","All","AI Region: All Strata",8415.50576851112,6924.24466128227,10227.9368803714,NA,NA,NA,NA,NA,NA,NA,NA,8673.82872889615,771615.448809232,9552.24517273656,10430.661616577,7795.41228505575,6916.99584121534,0.101272053126209
"jellyfish","Jellyfish",2010,"299","Western Aleutians","Western Aleutians",508.91390100119,269.688229937099,960.343574106499,6.23227884900319,0.323991800938496,504.079273810208,0.342612636589312,6.22273354500867,0.333151195102052,262.373536754809,968.451000919665,504.079273810208,29826.6471093562,676.78320286035,849.487131910491,331.375344760067,158.671415709926,0.342612636589312
"jellyfish","Jellyfish",2010,"3499","Central Aleutians","Central Aleutians",79.0600524354998,43.0326311074226,145.250051652683,4.3702077211051,0.310336840389376,71.1383326603517,0.327205690870697,4.26462632880331,0.318921733748329,38.0747455832539,132.9138854685,71.1383326603517,541.812550627704,94.4151999458716,117.692067231391,47.8614653748319,24.584598089312,0.327205690870697
"jellyfish","Jellyfish",2010,"5699","Eastern Aleutians","Eastern Aleutians",247.680029431207,130.355625692512,470.600303233152,5.5121377092289,0.327491431720935,238.364913067743,0.355853722119912,5.47380274763037,0.345300647417948,121.14957204932,468.989124936092,238.364913067743,7194.94837574803,323.187954605688,408.010996143634,153.541871529797,68.7188299918515,0.355853722119912
"jellyfish","Jellyfish",2010,"799","Southern Bering Sea","Southern Bering Sea",19.8590994439083,8.72091288955731,45.2227691891391,2.98866231236777,0.419874241184136,17.0040752234335,0.457364430963625,2.8334530343537,0.435825976876462,7.23731163384628,39.9511018500282,17.0040752234335,60.4826496234288,24.7811344120619,32.5581936006903,9.22701603480518,1.44995684617682,0.457364430963625
"jellyfish","Jellyfish",2010,"99904","All","AI Region: All Strata",855.513082311805,559.227246304592,1308.77499056618,NA,NA,NA,NA,NA,NA,NA,NA,830.586594761736,37623.8906853553,1024.5553826771,1218.52417059246,636.617806846373,442.649018931009,0.233532288070464
"jellyfish","Jellyfish",2012,"299","Western Aleutians","Western Aleutians",324.747623986509,207.830085810578,507.43865534946,5.78304833908517,0.227722290759695,321.262072753327,0.23494073492041,5.7722572160584,0.231792192467129,203.965908957376,506.012597484279,321.262072753327,5696.86017279873,396.739620228048,472.217167702768,245.784525278606,170.306977803885,0.23494073492041
"jellyfish","Jellyfish",2012,"3499","Central Aleutians","Central Aleutians",120.761578035765,59.0790991908088,246.844635910714,4.79381817229023,0.364772499729982,117.5661510112,0.406287900580667,4.76700116249567,0.390872164913571,54.6476272623635,252.925891864067,117.5661510112,2281.5625429742,165.331855684891,213.097560358581,69.8004463375101,22.0347416638198,0.406287900580667
"jellyfish","Jellyfish",2012,"5699","Eastern Aleutians","Eastern Aleutians",103.638959149707,72.8735085671379,147.392846383114,4.64091331270356,0.179691125271375,99.107504420525,0.183983068770119,4.59620516420578,0.182454035314563,69.3108754064465,141.713654240628,99.107504420525,332.482504973349,117.341607221961,135.575710023398,80.8734016190886,62.6392988176523,0.183983068770119
"jellyfish","Jellyfish",2012,"799","Southern Bering Sea","Southern Bering Sea",37.6846566550996,16.6989317324082,85.0433650469171,3.62925302633711,0.415266955668429,35.9336650231125,0.464291191709141,3.58167460046305,0.441825833946415,15.1153665470832,85.4248739500416,35.9336650231125,278.3453170191,52.6173491791705,69.3010333352285,19.2499808670545,2.56629671099654,0.464291191709141
"jellyfish","Jellyfish",2012,"99904","All","AI Region: All Strata",586.832817827081,435.280024049057,791.152217084191,NA,NA,NA,NA,NA,NA,NA,NA,573.869393208165,8589.25053776538,666.54760282491,759.225812441656,481.19118359142,388.512973974674,0.161497042207873
"jellyfish","Jellyfish",2014,"299","Western Aleutians","Western Aleutians",367.525947123293,209.424706076671,644.982745060757,5.90679392057764,0.286959172950565,362.250161827009,0.301999371887246,5.89233502792812,0.295434131607512,203.018025399979,646.372062210531,362.250161827009,11968.2115091734,471.649483164819,581.048804502629,252.850840489199,143.451519151389,0.301999371887246
"jellyfish","Jellyfish",2014,"3499","Central Aleutians","Central Aleutians",260.822779965818,174.010256788272,390.9454753111,5.56384117273272,0.206497125145612,261.439769047722,0.21330023836063,5.56620392828585,0.210932127682187,172.912304374763,395.291434504196,261.439769047722,3109.75363359213,317.20493410255,372.970099157377,205.674603992895,149.909438938068,0.21330023836063
"jellyfish","Jellyfish",2014,"5699","Eastern Aleutians","Eastern Aleutians",345.527227960271,210.910833169834,566.064167817176,5.84507144751292,0.251859727454052,338.732955159502,0.267157043381329,5.82521205405566,0.262565985819437,202.470091285823,566.701057832354,338.732955159502,8189.32598418122,429.227849955735,519.722744751967,248.238060363269,157.743165567037,0.267157043381329
"jellyfish","Jellyfish",2014,"799","Southern Bering Sea","Southern Bering Sea",140.623021172085,86.8796449189055,227.611819799941,4.94608270119451,0.245697847432341,139.140420064965,0.254968042264943,4.93548363950032,0.250964082213488,85.0809432545772,227.548681940752,139.140420064965,1258.57215460168,174.616780568851,210.093141072737,103.664059561079,68.1876990571932,0.254968042264943
"jellyfish","Jellyfish",2014,"99904","All","AI Region: All Strata",1114.49897622147,854.632035365963,1453.38334698256,NA,NA,NA,NA,NA,NA,NA,NA,1101.5633060992,24525.8632815484,1258.17065995446,1414.77801380973,944.955952243932,788.348598388667,0.142168273932286
"jellyfish","Jellyfish",2016,"299","Western Aleutians","Western Aleutians",667.224010985563,469.464828712847,948.288036946784,6.50312583808519,0.179356588812593,686.136202716695,0.182535448217632,6.53107615425244,0.181041805926703,481.179670133424,978.393140649404,686.136202716695,15686.1044488401,811.380382017931,936.624561319166,560.892023415459,435.647844114223,0.182535448217632
"jellyfish","Jellyfish",2016,"3499","Central Aleutians","Central Aleutians",507.277498977045,407.377273841831,631.676034702704,6.22905818911832,0.111899234891047,512.661546417835,0.112876319126338,6.23961587386614,0.112519238302519,411.201030091981,639.156621559862,512.661546417835,3348.63000127127,570.528894735097,628.396243052358,454.794198100574,396.926849783312,0.112876319126338
"jellyfish","Jellyfish",2016,"5699","Eastern Aleutians","Eastern Aleutians",1797.91097622608,1361.372117545,2374.43079432495,7.49438070113952,0.141906853009201,1875.82425746986,0.143520182230912,7.53680344579091,0.142789256808351,1417.91341669238,2481.616016527,1875.82425746986,72478.6757278268,2145.04289673509,2414.26153600033,1606.60561820462,1337.38697893938,0.143520182230912
"jellyfish","Jellyfish",2016,"799","Southern Bering Sea","Southern Bering Sea",837.001673226166,531.070915443776,1319.16808209688,6.72982606956294,0.232111666380082,926.059520900981,0.236411939701554,6.83093851001134,0.233205030796852,586.319608935455,1462.65999496149,926.059520900981,47931.0137839659,1144.99104851627,1363.92257613157,707.127993285688,488.196465670395,0.236411939701554
"jellyfish","Jellyfish",2016,"99904","All","AI Region: All Strata",3809.41415941485,3186.62524065792,4553.91994414575,NA,NA,NA,NA,NA,NA,NA,NA,4000.68152750537,139444.423961904,4374.10410845342,4747.52668940147,3627.25894655731,3253.83636560926,0.0933397418366615
"jellyfish","Jellyfish",2018,"299","Western Aleutians","Western Aleutians",106.347664038217,68.6486948463141,164.7493178378,4.66671357655516,0.223326275218074,101.75403558883,0.228523693249765,4.62255848534288,0.22562168230123,65.3886119372569,158.343837739633,101.75403558883,540.71168302734,125.007243604657,148.260451620485,78.5008275730023,55.2476195571749,0.228523693249765
"jellyfish","Jellyfish",2018,"3499","Central Aleutians","Central Aleutians",190.282535584246,113.090531622806,320.163349033793,5.2485099970179,0.26547494666606,182.046128865831,0.277393180497844,5.20426011026919,0.272268552080979,106.764294991152,310.410826370197,182.046128865831,2550.0838257318,232.544483549244,283.042838232658,131.547774182418,81.0494194990046,0.277393180497844
"jellyfish","Jellyfish",2018,"5699","Eastern Aleutians","Eastern Aleutians",375.536545994806,220.305740390639,640.145359479255,5.92835579268616,0.27211698085884,344.324066104239,0.285920915120963,5.8415832665489,0.280322692014363,198.772486379576,596.456102441441,344.324066104239,9692.29461459523,442.773518182934,541.222970261628,245.874614025544,147.425161946849,0.285920915120963
"jellyfish","Jellyfish",2018,"799","Southern Bering Sea","Southern Bering Sea",28.6483900050252,16.0647289097473,51.0889573357225,3.35509724629466,0.295143754181148,25.6766563662977,0.305862426570273,3.2455822665399,0.299050084059014,14.2884979179915,46.1413569107766,25.6766563662977,61.6778458533407,33.5301807887045,41.3837052111114,17.8231319438908,9.96960752148398,0.305862426570273
"jellyfish","Jellyfish",2018,"99904","All","AI Region: All Strata",700.815135622295,505.594811500282,971.4139527261,NA,NA,NA,NA,NA,NA,NA,NA,653.800886925197,12844.7679692077,767.135647564675,880.470408204153,540.466126285719,427.131365646242,0.173347517426119
"jellyfish","Jellyfish",2022,"299","Western Aleutians","Western Aleutians",381.030370986699,289.526364005103,501.453966422564,5.94287908582557,0.140121312304732,379.858523975567,0.141540552175155,5.93979887807014,0.14083924640515,288.230073492723,500.615693873941,379.858523975567,2890.71664913904,433.623909207508,487.38929443945,326.093138743626,272.327753511685,0.141540552175155
"jellyfish","Jellyfish",2022,"3499","Central Aleutians","Central Aleutians",282.46295671735,214.862310478777,371.332327850904,5.6435474153244,0.139568895595229,282.249825066001,0.14129483566425,5.6427925832457,0.140597150140888,214.267928153669,371.80069101454,282.249825066001,1590.44970587729,322.130267714964,362.010710363928,242.369382417037,202.488939768073,0.14129483566425
"jellyfish","Jellyfish",2022,"5699","Eastern Aleutians","Eastern Aleutians",497.269413332866,351.871734411496,702.747181014645,6.20913195836538,0.17646509975609,490.306804054071,0.180469175548149,6.19503132588921,0.17902511315601,345.208489458154,696.392960900397,490.306804054071,7829.64206784093,578.792068747358,667.277333440644,401.821539360785,313.336274667499,0.180469175548149
"jellyfish","Jellyfish",2022,"799","Southern Bering Sea","Southern Bering Sea",29.9919678676551,15.9438970389776,56.4177085674496,3.40092960806918,0.322380149752367,28.0003194718376,0.339689506302569,3.3322159198186,0.330459056087597,14.6512853896471,53.5118844302201,28.0003194718376,90.4670095516756,37.5117341695403,47.0231488672431,18.4889047741349,8.97749007643214,0.339689506302569
"jellyfish","Jellyfish",2022,"99904","All","AI Region: All Strata",1190.75470890457,992.820262608383,1428.15052248556,NA,NA,NA,NA,NA,NA,NA,NA,1180.41547256748,12401.2754324089,1291.7764865374,1403.13750050732,1069.05445859756,957.693444627635,0.0943405237883776
"jellyfish","Jellyfish",2024,"299","Western Aleutians","Western Aleutians",1123.22369563009,843.351016665374,1495.97432800096,7.02395812958577,0.146214354260947,1152.79793118209,0.147752691197104,7.04994725008107,0.146955696954698,864.299521150526,1537.59551823963,1152.79793118209,29011.9671299807,1323.1269279207,1493.4559246593,982.468934443481,812.139937704874,0.147752691197104
"jellyfish","Jellyfish",2024,"3499","Central Aleutians","Central Aleutians",371.083727225201,267.560039110636,514.662552259561,5.91642771699786,0.166882520879192,377.929636059625,0.170310187088064,5.93470803030149,0.169094234000957,271.317418562111,526.434353419382,377.929636059625,4142.88759899854,442.294903083064,506.660170106502,313.564369036187,249.199102012748,0.170310187088064
"jellyfish","Jellyfish",2024,"5699","Eastern Aleutians","Eastern Aleutians",1129.34724050299,724.92963491024,1759.37791505742,7.02939508152299,0.226188078031819,1182.29600587225,0.236402975921888,7.0752135945941,0.233196424736445,748.564221755191,1867.33990869071,1182.29600587225,78119.2964656071,1461.79430008101,1741.29259428977,902.797711663487,623.299417454726,0.236402975921888
"jellyfish","Jellyfish",2024,"799","Southern Bering Sea","Southern Bering Sea",175.856627732664,100.794990571769,306.816373929666,5.16966904790361,0.28397480494547,190.895261804421,0.296818711878612,5.25172491012205,0.290575798329164,108.008163325822,337.391173567584,190.895261804421,3210.50129859566,247.556547516939,304.217833229458,134.233976091902,77.5726903793834,0.296818711878612
"jellyfish","Jellyfish",2024,"99904","All","AI Region: All Strata",2799.51129109094,2247.14055216785,3487.66055660602,NA,NA,NA,NA,NA,NA,NA,NA,2903.91883491838,114484.652493182,3242.27464245415,3580.63044998992,2565.56302738261,2227.20721984685,0.11651696440933
"jellyfish","Jellyfish",2026,"299","Western Aleutians","Western Aleutians",106.904855595393,59.6109285892745,191.720686463658,4.67193923884598,0.298015841413181,99.1954867813384,0.308269675389401,4.59709251709998,0.301300408545045,54.9571927099742,179.043799593512,99.1954867813384,935.072825882951,129.774447291515,160.353407801692,68.6165262711616,38.0375657609848,0.308269675389401
"jellyfish","Jellyfish",2026,"3499","Central Aleutians","Central Aleutians",138.039807331102,90.6164032086311,210.281888634847,4.92754210248196,0.214752341508783,134.818886561171,0.21965220084866,4.90393229668455,0.217069874413049,88.1009363110024,206.310317854409,134.818886561171,876.945472792505,164.432151710298,194.045416859425,105.205621412044,75.5923562629169,0.21965220084866
"jellyfish","Jellyfish",2026,"5699","Eastern Aleutians","Eastern Aleutians",697.59887859214,460.940698993446,1055.76313064933,6.54764426507074,0.211419632812619,687.675412989173,0.216864978494521,6.53331694316255,0.214378135206329,451.756590905729,1046.79706538806,687.675412989173,22240.5662803469,836.808126638281,985.940840287389,538.542699340064,389.409985690956,0.216864978494521
"jellyfish","Jellyfish",2026,"799","Southern Bering Sea","Southern Bering Sea",69.5479380195803,45.518648632226,106.262286515926,4.24201627047604,0.216276509049924,68.4517103118672,0.220604395802119,4.22612853771693,0.21798891208141,44.651063293731,104.938971190808,68.4517103118672,228.032596047924,83.5524585068383,98.6532067018094,53.3509621168961,38.2502139219249,0.220604395802119
"jellyfish","Jellyfish",2026,"99904","All","AI Region: All Strata",1012.09147953822,750.369148867283,1365.1003169575,NA,NA,NA,NA,NA,NA,NA,NA,990.141496643549,24280.6171750703,1145.96388648233,1301.78627632112,834.319106804764,678.49671696598,0.157373860571446
"structural_epifauna","Sponges",1991,"299","Western Aleutians","Western Aleutians",17418.5286802486,10093.0154239349,30060.9013898004,9.76528978531523,0.278418822080645,19480.2376036628,0.464427020986083,9.87715577443542,0.441943252670263,8192.40607695244,46320.9042045342,19480.2376036628,81850899.9323072,28527.386322033,37574.5350404031,10433.0888852926,1385.94016692243,0.464427020986083
"structural_epifauna","Sponges",1991,"3499","Central Aleutians","Central Aleutians",62890.5876470744,29575.983081605,133731.007475938,11.0491517915402,0.384922309239361,86272.7799067504,0.477470099294448,11.3652694148823,0.453176198035312,35491.9215672762,209709.483853393,86272.7799067504,1696836291.45912,127465.452695234,168658.125483719,45080.1071182662,3887.43432978212,0.477470099294448
"structural_epifauna","Sponges",1991,"5699","Eastern Aleutians","Eastern Aleutians",30412.0520666879,21961.8426485295,42113.6297945777,10.3225942583911,0.166091040213905,21296.5496893419,0.504319945361347,9.96630035216043,0.476034061305695,8377.38202029275,54138.9932525436,21296.5496893419,115353502.257841,32036.824465056,42777.0992407701,10556.2749136278,0,0.504319945361347
"structural_epifauna","Sponges",1991,"799","Southern Bering Sea","Southern Bering Sea",1358.03101476543,591.098978056637,3120.0328634101,7.21379114641855,0.424399465518225,1054.59803630258,0.502234841022576,6.96091496506409,0.47427188010966,416.28043726049,2671.70137874462,1054.59803630258,280535.348152025,1584.25391340773,2113.90979051288,524.942159197435,0,0.502234841022576
"structural_epifauna","Sponges",1991,"99904","All","AI Region: All Strata",112079.199408776,72125.181885777,174165.896177648,NA,NA,NA,NA,NA,NA,NA,NA,128104.165236058,1894321228.99742,171627.965954715,215151.766673373,84580.3645174,41056.5637987424,0.339753205045724
"structural_epifauna","Sponges",1994,"299","Western Aleutians","Western Aleutians",16597.8245659346,11260.5841438475,24464.7859118447,9.7170269155119,0.197944013481908,14588.4853914447,0.264342545208314,9.58798782471234,0.25989165248191,8765.76915031085,24278.9768207446,14588.4853914447,14871492.0811526,18444.8427505535,22301.2001096623,10732.1280323359,6875.77067322712,0.264342545208314
"structural_epifauna","Sponges",1994,"3499","Central Aleutians","Central Aleutians",40713.1151629603,23468.8870524445,70627.8803323068,10.6143055593987,0.281063680776737,46284.264904762,0.361651017471144,10.7425573314429,0.350596339473075,23281.192690994,92015.6113223042,46284.264904762,280185801.635171,63023.0164004731,79761.7678961842,29545.5134090509,12806.7619133398,0.361651017471144
"structural_epifauna","Sponges",1994,"5699","Eastern Aleutians","Eastern Aleutians",30865.1820319248,23299.907958401,40886.8336975711,10.3373840324916,0.1434614847246,35521.7026560227,0.338041569889749,10.477899131093,0.328939765436557,18642.3105621484,67684.2795519592,35521.7026560227,144187552.173362,47529.5147870216,59537.3269180203,23513.8905250239,11506.0783940251,0.338041569889749
"structural_epifauna","Sponges",1994,"799","Southern Bering Sea","Southern Bering Sea",2472.57152590504,1316.42554597043,4644.09853594083,7.8130139916548,0.32160722024117,2995.51838372071,0.376032053863147,8.00487257861772,0.363669728709059,1468.64136085674,6109.81729533625,2995.51838372071,1268801.58370852,4121.92931393602,5248.34024415133,1869.1074535054,742.696523290086,0.376032053863147
"structural_epifauna","Sponges",1994,"99904","All","AI Region: All Strata",90648.6932867249,68842.0996255351,119362.797463876,NA,NA,NA,NA,NA,NA,NA,NA,99389.9713359501,440513647.473394,120378.388319453,141366.805302956,78401.5543524472,57413.1373689443,0.211172381895146
"structural_epifauna","Sponges",1997,"299","Western Aleutians","Western Aleutians",18578.2853756485,12978.563638561,26594.0590277295,9.82974872477515,0.183010709919472,19644.2604339291,0.273458207006379,9.88554048475447,0.268543148908651,11605.1655568343,33252.1725869542,19644.2604339291,28857140.2474413,25016.1446701577,30388.0289063863,14272.3761977005,8900.4919614719,0.273458207006379
"structural_epifauna","Sponges",1997,"3499","Central Aleutians","Central Aleutians",19627.7227610114,11433.4152118284,33694.8753846157,9.88469827244178,0.275720763677152,13976.7283806283,0.314917855898763,9.54514896698624,0.307503352396306,7649.9429644409,25535.9990439013,13976.7283806283,19373390.0545979,18378.2497147352,22779.7710488421,9575.20704652147,5173.68571241459,0.314917855898763
"structural_epifauna","Sponges",1997,"5699","Eastern Aleutians","Eastern Aleutians",30944.7327767661,24214.3518287091,39545.8236255632,10.3399580787109,0.125133570572079,36278.8803563169,0.289579368525987,10.4989910425709,0.283769708110508,20802.1709901834,63270.1827385736,36278.8803563169,110367952.083848,46784.495620729,57290.1108851411,25773.2650919048,15267.6498274927,0.289579368525987
"structural_epifauna","Sponges",1997,"799","Southern Bering Sea","Southern Bering Sea",2077.69963829839,963.715850758734,4479.36576283,7.63901661756322,0.391956246689463,1963.57117771741,0.558132633794827,7.58252012379007,0.520750130342744,707.592684223775,5448.91412238404,1963.57117771741,1201069.47598268,3059.50433078045,4155.43748384348,867.638024654382,0,0.558132633794827
"structural_epifauna","Sponges",1997,"99904","All","AI Region: All Strata",71228.4405517244,57919.3159557331,87595.8332675775,NA,NA,NA,NA,NA,NA,NA,NA,71863.4403485918,159799551.86187,84504.625097731,97145.8098468702,59222.2555994525,46581.0708503133,0.175905643924365
"structural_epifauna","Sponges",2000,"299","Western Aleutians","Western Aleutians",19482.6422518264,14365.0823774939,26423.3325739459,9.87727920720916,0.155474030960913,18590.5693961119,0.229826590687433,9.8304097094079,0.226875576080989,11917.2445420492,29000.7702075922,18590.5693961119,18255172.1423298,22863.1765793584,27135.7837626049,14317.9622128653,10045.3550296188,0.229826590687433
"structural_epifauna","Sponges",2000,"3499","Central Aleutians","Central Aleutians",26095.728126377,14289.8741772809,47655.2150143116,10.169526906596,0.307260972859651,27884.6078926495,0.522439399807325,10.2358301271379,0.491255009837476,10646.5162040399,73033.4075884625,27884.6078926495,212227142.950308,42452.625703948,57020.6435152464,13316.5900813511,0,0.522439399807325
"structural_epifauna","Sponges",2000,"5699","Eastern Aleutians","Eastern Aleutians",30453.4557568773,24757.8994324233,37459.2751726559,10.3239547562512,0.105642181093319,28072.8542864306,0.213901873379973,10.242558348776,0.21151398836476,18545.79855434,42493.9991382977,28072.8542864306,36058056.8639719,34077.6904094212,40082.5265324117,22068.0181634401,16063.1820404496,0.213901873379973
"structural_epifauna","Sponges",2000,"799","Southern Bering Sea","Southern Bering Sea",1950.93541780683,837.237979041832,4546.07781745524,7.57606423797724,0.431618076019534,1524.04263172179,0.737972348841958,7.32912170942607,0.659368668418908,418.544353666664,5549.48579035267,1524.04263172179,1264953.06071012,2648.74395238881,3773.44527305582,399.341311054783,0,0.737972348841958
"structural_epifauna","Sponges",2000,"99904","All","AI Region: All Strata",77982.7615528875,61893.6385599218,98254.21870338,NA,NA,NA,NA,NA,NA,NA,NA,76072.0742069138,267805325.01732,92436.8328368882,108801.591466863,59707.3155769395,43342.5569469652,0.215121761836843
"structural_epifauna","Sponges",2002,"299","Western Aleutians","Western Aleutians",21165.319261572,17047.6687228605,26277.5366372268,9.96011923725288,0.110384934311776,22521.631761638,0.127308764633057,10.0222315379607,0.126797404531152,17565.8717207033,28875.5323545375,22521.631761638,8220842.24586947,25388.8328787328,28256.0339958276,19654.4306445433,16787.2295274485,0.127308764633057
"structural_epifauna","Sponges",2002,"3499","Central Aleutians","Central Aleutians",29961.5373931807,17875.5572743233,50219.0622192477,10.3076697511738,0.263515152311743,35159.6802357387,0.374609112501559,10.4676552572111,0.362380237907796,17281.6935202973,71532.5215568414,35159.6802357387,173478839.571588,48330.8168446873,61501.953453636,21988.54362679,8817.40701784134,0.374609112501559
"structural_epifauna","Sponges",2002,"5699","Eastern Aleutians","Eastern Aleutians",30476.0171308555,25049.2904873179,37078.4003095988,10.3246953297025,0.100050076938609,37552.8878127318,0.246846574072526,10.5335055600336,0.243205525268193,23314.5169280996,60486.7511269756,37552.8878127318,85929223.6148471,46822.6895158346,56092.4912189374,28283.086109629,19013.2844065263,0.246846574072526
"structural_epifauna","Sponges",2002,"799","Southern Bering Sea","Southern Bering Sea",2289.12589278245,1125.19920266928,4657.03969623874,7.73592531747139,0.362358673460544,1934.8329166433,0.516635069281891,7.56777625374772,0.486397246662793,745.798284933804,5019.55889541729,1934.8329166433,999205.233853884,2934.4354545822,3934.0379925211,935.230378704407,0,0.516635069281891
"structural_epifauna","Sponges",2002,"99904","All","AI Region: All Strata",83891.9996783907,68271.0539477143,103087.138737145,NA,NA,NA,NA,NA,NA,NA,NA,97169.0327267518,268628110.666158,113558.911026061,129948.78932537,80779.1544274429,64389.2761281339,0.168673885489822
"structural_epifauna","Sponges",2004,"299","Western Aleutians","Western Aleutians",18507.5193467837,14178.4272431104,24158.4109787644,9.82593237966501,0.135949181503341,16937.3623612473,0.18259538429279,9.73727725131582,0.181100287454022,11876.6220150483,24154.5317677631,16937.3623612473,9564695.49448766,20030.0465505055,23122.7307397637,13844.6781719891,10751.9939827309,0.18259538429279
"structural_epifauna","Sponges",2004,"3499","Central Aleutians","Central Aleutians",27347.1029496038,18044.165588821,41446.3077306027,10.2163658771795,0.212140735761767,27054.7171353643,0.262029379482339,10.2056166548518,0.257691601983975,16326.5908132588,44832.2449950882,27054.7171353643,50255774.6920526,34143.847878414,41232.9786214637,19965.5863923146,12876.4556492649,0.262029379482339
"structural_epifauna","Sponges",2004,"5699","Eastern Aleutians","Eastern Aleutians",29830.8293717697,24893.963418517,35746.7537831167,10.3032976803999,0.0923063187676001,24697.0802631335,0.157737836871634,10.1144403076587,0.156769665445075,18163.6461196857,33580.5801051474,24697.0802631335,15176198.1392062,28592.7442808853,32488.4082986371,20801.4162453817,16905.7522276298,0.157737836871634
"structural_epifauna","Sponges",2004,"799","Southern Bering Sea","Southern Bering Sea",3457.64201603234,1691.57359826612,7067.55433123718,8.14834213746973,0.364765702423007,4292.55105533949,0.508184263575213,8.36463648678115,0.479294123410478,1677.79761162441,10982.2510385245,4292.55105533949,4758536.04991574,6473.95795225618,8655.36484917288,2111.14415842279,0,0.508184263575213
"structural_epifauna","Sponges",2004,"99904","All","AI Region: All Strata",79143.0936841895,66527.8537808953,94150.4786631659,NA,NA,NA,NA,NA,NA,NA,NA,72981.7108150846,79755204.3756621,81912.2877491724,90842.8646832603,64051.1338809967,55120.5569469089,0.122367327846225
"structural_epifauna","Sponges",2006,"299","Western Aleutians","Western Aleutians",18837.3734296502,13616.3070447024,26060.4168636276,9.84359812384915,0.165602391454054,19446.9559905124,0.249066808491624,9.87544583245467,0.245328751672261,12023.4034244658,31453.9971708325,19446.9559905124,23460376.3272142,24290.5472539464,29134.1385173804,14603.3647270784,9759.77346364439,0.249066808491624
"structural_epifauna","Sponges",2006,"3499","Central Aleutians","Central Aleutians",25733.4876713444,15712.3624626427,42145.9464994963,10.1555484449179,0.251711434149358,26798.8888690424,0.335429986325086,10.1961157055291,0.326529735589202,14131.0415354524,50822.8953126694,26798.8888690424,80804834.3860544,35788.0397959127,44777.1907227831,17809.737942172,8820.58701530163,0.335429986325086
"structural_epifauna","Sponges",2006,"5699","Eastern Aleutians","Eastern Aleutians",30640.8391630705,24923.6731799379,37669.4485535496,10.3300890113082,0.105367063897079,41740.2005251584,0.29761136518027,10.6392199847682,0.29131980291549,23582.1102445481,73879.9166746843,41740.2005251584,154314979.800427,54162.558586349,66584.9166475396,29317.8424639678,16895.4844027772,0.29761136518027
"structural_epifauna","Sponges",2006,"799","Southern Bering Sea","Southern Bering Sea",3737.56551506046,1769.44334708988,7894.79697236079,8.22618974665848,0.381522043069065,5296.77970106778,0.448969467587242,8.57485431130224,0.428523064475376,2286.92760470402,12267.9332498043,5296.77970106778,5655323.28370242,7674.87206338309,10052.9644256984,2918.68733875247,540.594976437161,0.448969467587242
"structural_epifauna","Sponges",2006,"99904","All","AI Region: All Strata",78949.2657791256,64713.8718630392,96316.0816625922,NA,NA,NA,NA,NA,NA,NA,NA,93282.825085781,264235513.797398,109538.147715535,125793.470345289,77027.5024560268,60772.1798262726,0.174258472712486
"structural_epifauna","Sponges",2010,"299","Western Aleutians","Western Aleutians",18388.4386253872,13571.063211857,24915.8573503811,9.81947741053477,0.154993822844487,21047.9014289393,0.188610702712553,9.95455613955349,0.186964862035987,14590.2932921728,30363.6222857841,21047.9014289393,15759784.2840922,25017.7609080761,28987.6203872129,17078.0419498025,13108.1824706657,0.188610702712553
"structural_epifauna","Sponges",2010,"3499","Central Aleutians","Central Aleutians",19743.8826498312,12980.2254392642,30031.905371314,9.89059898310111,0.213992006026632,19721.3505247284,0.261374689070791,9.88945711083843,0.257068587056638,11915.6976331634,32640.2765908345,19721.3505247284,26570538.905959,24876.0123861854,30030.6742476423,14566.6886632714,9412.02680181448,0.261374689070791
"structural_epifauna","Sponges",2010,"5699","Eastern Aleutians","Eastern Aleutians",30883.7988806098,24625.8753079228,38731.9850105427,10.3379870173174,0.115529677175467,36478.6294532041,0.1787235206169,10.504481873669,0.177320494456681,25769.3245041387,51638.5443697001,36478.6294532041,42505041.8132067,42998.2185363601,49517.8076195161,29959.0403700481,23439.4512868921,0.1787235206169
"structural_epifauna","Sponges",2010,"799","Southern Bering Sea","Southern Bering Sea",1132.86434969431,654.750431957796,1960.10811473743,7.03250452720028,0.279724723723419,968.737108833052,0.313103372327851,6.87599327356797,0.305812123049369,531.983527946374,1764.0613604202,968.737108833052,91999.9016730011,1272.05196450781,1575.36682018257,665.422253158291,362.10739748353,0.313103372327851
"structural_epifauna","Sponges",2010,"99904","All","AI Region: All Strata",70148.9845055226,58943.1153616754,83485.2382158881,NA,NA,NA,NA,NA,NA,NA,NA,78216.6185157049,84927364.9049309,87432.2229399915,96647.8273642781,69001.0140914183,59785.4096671317,0.11782156527818
"structural_epifauna","Sponges",2012,"299","Western Aleutians","Western Aleutians",14622.7694557812,10882.5482602894,19648.466649781,9.59033514462431,0.150726971958953,15181.242532758,0.201659237365972,9.62781590087769,0.199653007284714,10265.0807626842,22451.8569475098,15181.242532758,9372401.35075811,18242.6803241819,21304.1181156057,12119.8047413342,9058.36694991033,0.201659237365972
"structural_epifauna","Sponges",2012,"3499","Central Aleutians","Central Aleutians",17350.5327905584,12351.9635520407,24371.9135704951,9.76137849329305,0.173374702028767,17845.2987925486,0.200242578337922,9.78949537955257,0.19827774645087,12099.0006537286,26320.7431844544,17845.2987925486,12769106.3827048,21418.6874339791,24992.0760754097,14271.910151118,10698.5215096875,0.200242578337922
"structural_epifauna","Sponges",2012,"5699","Eastern Aleutians","Eastern Aleutians",29993.3117982883,24217.1647043309,37147.154244215,10.3087296957324,0.109141163509102,34703.3878388028,0.231785906220664,10.4545925934114,0.228760194430665,22164.1378880735,54336.6556178307,34703.3878388028,64702013.7912688,42747.1440379468,50790.9002370909,26659.6316396587,18615.8754405146,0.231785906220664
"structural_epifauna","Sponges",2012,"799","Southern Bering Sea","Southern Bering Sea",1130.413723027,559.938583266119,2282.09882904328,7.03033897127097,0.358431007833139,1112.65337435898,0.60612899654498,7.01450286913028,0.559379602387406,371.719298221365,3330.46343678171,1112.65337435898,454830.835322172,1787.06484766157,2461.47632096416,438.241901056384,0,0.60612899654498
"structural_epifauna","Sponges",2012,"99904","All","AI Region: All Strata",63097.0277676549,54056.1873167829,73649.939271173,NA,NA,NA,NA,NA,NA,NA,NA,68842.5825384683,87298352.3600539,78185.9412686068,87529.2999987452,59499.2238083299,50155.8650781915,0.135720630830743
"structural_epifauna","Sponges",2014,"299","Western Aleutians","Western Aleutians",11029.9664194105,7458.62937297485,16311.3292174215,9.30837106776517,0.199618015789132,10936.8517052531,0.448653512960155,9.2998932562466,0.428247543282435,4724.62510983037,25317.2944820148,10936.8517052531,24077245.0128059,15843.7086435391,20750.5655818252,6029.99476696703,1123.13782868098,0.448653512960155
"structural_epifauna","Sponges",2014,"3499","Central Aleutians","Central Aleutians",13325.8843727063,8797.40720575468,20185.4012394217,9.49746361626556,0.211866798674892,15601.1490170196,0.270366422120678,9.65509984546239,0.265612112392822,9269.73129213302,26257.0556773115,15601.1490170196,17791750.428892,19819.1758577228,24037.2026984259,11383.1221763165,7165.09533561338,0.270366422120678
"structural_epifauna","Sponges",2014,"5699","Eastern Aleutians","Eastern Aleutians",28623.7812932024,23519.9996760971,34835.0708675282,10.2619931650402,0.10019917628494,25688.6458167421,0.250578255254987,10.1538043762483,0.246773214799698,15837.5306972599,41667.2609204284,25688.6458167421,41435175.6102244,32125.6618653647,38562.6779139873,19251.6297681196,12814.613719497,0.250578255254987
"structural_epifauna","Sponges",2014,"799","Southern Bering Sea","Southern Bering Sea",1148.43698883631,693.078165467248,1902.97080912692,7.04615715674624,0.25766512804237,1266.5689560141,0.307601610846098,7.14406691408205,0.300676121491394,702.575272509648,2283.30967955695,1266.5689560141,151787.108952651,1656.16760713169,2045.76625824929,876.9703048965,487.371653778903,0.307601610846098
"structural_epifauna","Sponges",2014,"99904","All","AI Region: All Strata",54128.0690741555,45828.0708494422,63931.2937985521,NA,NA,NA,NA,NA,NA,NA,NA,53493.215495029,83455958.160875,62628.6387562071,71764.0620173853,44357.7922338508,35222.3689726726,0.170777231778619
"structural_epifauna","Sponges",2016,"299","Western Aleutians","Western Aleutians",8341.54611399982,5423.54469831679,12829.5045846271,9.02900386354273,0.21964637253148,5923.85048546831,0.405806956357035,8.68674193628936,0.390443027832659,2755.86780223005,12733.558752632,5923.85048546831,5778926.251541,8327.79022089035,10731.7299563124,3519.91075004627,1115.97101462423,0.405806956357035
"structural_epifauna","Sponges",2016,"3499","Central Aleutians","Central Aleutians",6719.26746913658,4466.97596932049,10107.1856289088,8.81273442000648,0.20830356143817,5361.18615527531,0.226189696993222,8.58694052720813,0.223374145131063,3460.38539495447,8306.10285011151,5361.18615527531,1470508.07061188,6573.83122726129,7786.47629924727,4148.54108328933,2935.89601130335,0.226189696993222
"structural_epifauna","Sponges",2016,"5699","Eastern Aleutians","Eastern Aleutians",27622.8230427186,22725.1573574917,33576.0206561477,10.2263976318314,0.0995782524204882,29847.2622866192,0.214258437553936,10.3038483989235,0.211858782564297,19704.7069033068,45210.4702890425,29847.2622866192,40896380.3427015,36242.2900694128,42637.3178522063,23452.2345038256,17057.2067210321,0.214258437553936
"structural_epifauna","Sponges",2016,"799","Southern Bering Sea","Southern Bering Sea",794.046193206264,509.642830678523,1237.15927899136,6.67714163739651,0.226244712926249,664.269240395877,0.244489809855739,6.49868754981452,0.240949939818189,414.235372836858,1065.2243933545,664.269240395877,26376.0532279485,826.676300673282,989.083360950686,501.862180118473,339.455119841068,0.244489809855739
"structural_epifauna","Sponges",2016,"99904","All","AI Region: All Strata",43477.6828190613,36975.2099617973,51123.6827395425,NA,NA,NA,NA,NA,NA,NA,NA,41796.5681677587,48172190.7180823,48737.1870679781,55677.8059681975,34855.9492675393,27915.33036732,0.166057147858691
"structural_epifauna","Sponges",2018,"299","Western Aleutians","Western Aleutians",7156.39247112781,4657.5806506029,10995.8274569406,8.87576128816769,0.219141715329264,6681.51691158109,0.348693827185733,8.80710032332337,0.338740298775317,3439.8444716352,12978.1065998377,6681.51691158109,5427985.29593561,9011.3206148865,11341.1243181919,4351.71320827568,2021.90950497026,0.348693827185733
"structural_epifauna","Sponges",2018,"3499","Central Aleutians","Central Aleutians",7944.80915562427,4832.98385041999,13060.2531423328,8.98027405799311,0.253604010888557,7867.47430335749,0.331321513100567,8.97049236275687,0.322732616061565,4179.50483777655,14809.6854331957,7867.47430335749,6794694.55254003,10474.1377938257,13080.801284294,5260.81081288926,2654.14732242102,0.331321513100567
"structural_epifauna","Sponges",2018,"5699","Eastern Aleutians","Eastern Aleutians",26369.9667375429,21419.0583224827,32465.2529196026,10.1799810179716,0.106096152333565,23360.6976073494,0.281898659100597,10.0588102998246,0.276527151556289,13586.4335670937,40166.6993775141,23360.6976073494,43366825.8134926,29946.0469385157,36531.396269682,16775.3482761831,10189.9989450168,0.281898659100597
"structural_epifauna","Sponges",2018,"799","Southern Bering Sea","Southern Bering Sea",1636.58261902827,667.115583933419,4014.90046614285,7.40036557786597,0.457866708157031,3842.27972290987,0.540931591755054,8.25382114726591,0.506617310387792,1423.49367717323,10371.0425313591,3842.27972290987,4319790.15031751,5920.69020939167,7999.10069587347,1763.86923642807,0,0.540931591755054
"structural_epifauna","Sponges",2018,"99904","All","AI Region: All Strata",43107.7509833232,36167.1972301432,51380.2101671136,NA,NA,NA,NA,NA,NA,NA,NA,41751.9685451978,59909295.8122857,49492.0780930199,57232.1876408419,34011.8589973758,26271.7494495538,0.185383104498249
"structural_epifauna","Sponges",2022,"299","Western Aleutians","Western Aleutians",5633.61207707807,3762.7663256299,8434.64150798333,8.63650609215702,0.205920315152687,4222.23415095285,0.259663962227144,8.34811968659399,0.255439925896626,2559.24259308859,6965.83484254923,4222.23415095285,1202009.74267864,5318.59620004003,6414.95824912721,3125.87210186568,2029.5100527785,0.259663962227144
"structural_epifauna","Sponges",2022,"3499","Central Aleutians","Central Aleutians",11507.1941509514,6122.21703763474,21628.6871918621,9.35072769710238,0.321969245926404,7528.55549541606,0.515692762168539,8.9264584691135,0.485607000585725,2906.44579481397,19501.1886850576,7528.55549541606,15073197.3137479,11410.9770739863,15293.3986525566,3646.13391684582,0,0.515692762168539
"structural_epifauna","Sponges",2022,"5699","Eastern Aleutians","Eastern Aleutians",24514.54771826,19439.877318324,30913.9322224209,10.1070220047314,0.118339030386364,25627.2625583033,0.345019980651193,10.1514120075011,0.335365607912983,13281.2360444877,49449.9596296835,25627.2625583033,78179507.4112287,34469.1801903121,43311.0978223209,16785.3449262944,7943.4272942856,0.345019980651193
"structural_epifauna","Sponges",2022,"799","Southern Bering Sea","Southern Bering Sea",654.34748755982,317.943302099698,1346.68864432183,6.4836385368973,0.368254453138311,417.410517544315,0.491223499480506,6.03407019208394,0.464929716887346,167.808708644807,1038.27472104205,417.410517544315,42042.1623625693,622.452372692402,827.49422784049,212.368662396227,7.32680724813974,0.491223499480506
"structural_epifauna","Sponges",2022,"99904","All","AI Region: All Strata",42309.7014338493,33792.1696766848,52974.1313608689,NA,NA,NA,NA,NA,NA,NA,NA,37795.4627222165,94496756.6300178,47516.4069474458,57237.351172675,28074.5184969873,18353.574271758,0.257198709185671
"structural_epifauna","Sponges",2024,"299","Western Aleutians","Western Aleutians",6407.12182390864,4444.91581828378,9235.5427514613,8.76516543564721,0.186559155822031,5861.85326434105,0.313537814431131,8.67622108928594,0.306217173501931,3216.4915307204,10682.8584389183,5861.85326434105,3377922.94952838,7699.76592535854,9537.67858637603,4023.94060332357,2186.02794230608,0.313537814431131
"structural_epifauna","Sponges",2024,"3499","Central Aleutians","Central Aleutians",19434.4032693146,11521.9271461847,32780.6299798914,9.87480013889494,0.26673598890821,24689.9339560296,0.357383698531525,10.1141509074077,0.346699655740169,12514.360059818,48711.4671336993,24689.9339560296,77859091.9655031,33513.7138697346,42337.4937834395,15866.1540423247,7042.3741286197,0.357383698531525
"structural_epifauna","Sponges",2024,"5699","Eastern Aleutians","Eastern Aleutians",23577.9548207936,18454.3969828151,30123.9836798278,10.0680674366908,0.125007142323239,23417.9740980948,0.181908581665678,10.0612591303399,0.180430096868515,16442.4656939925,33352.7538427163,23417.9740980948,18147007.4700881,27677.9045517628,31937.8350054308,19158.0436444268,14898.1131907588,0.181908581665678
"structural_epifauna","Sponges",2024,"799","Southern Bering Sea","Southern Bering Sea",866.369861348714,487.212952583495,1540.59273808973,6.76431190901146,0.293684277745407,1194.16859533512,0.333068491002263,7.08520548610768,0.324348054980647,632.382846101035,2255.02421970634,1194.16859533512,158197.053547585,1591.90852738568,1989.64845943625,796.428663284561,398.688731234,0.333068491002263
"structural_epifauna","Sponges",2024,"99904","All","AI Region: All Strata",50285.8497753656,39665.0000484234,63750.5782060663,NA,NA,NA,NA,NA,NA,NA,NA,55163.9299138006,99542219.4386671,65141.0146302229,75118.0993466452,45186.8451973783,35209.760480956,0.180862471763932
"structural_epifauna","Sponges",2026,"299","Western Aleutians","Western Aleutians",7685.65683433518,5341.69471467104,11058.1611511658,8.94711112198012,0.18562222619722,8986.03336130056,0.222366785958361,9.10342680220952,0.219689205132384,5842.08990562578,13821.9022430051,8986.03336130056,3992784.68500417,10984.2287183676,12982.4240754346,6987.83800423354,4989.64264716653,0.222366785958361
"structural_epifauna","Sponges",2026,"3499","Central Aleutians","Central Aleutians",22558.095889966,13111.4809300318,38810.8477521665,10.0238493000094,0.276844764520059,24440.0793269404,0.326426030534744,10.1039796590634,0.318199056795561,13099.3903223752,45598.8761924938,24440.0793269404,63646538.6696744,32417.9574075878,40395.8354882352,16462.2012462929,8484.32316564554,0.326426030534744
"structural_epifauna","Sponges",2026,"5699","Eastern Aleutians","Eastern Aleutians",22706.9049610278,16875.849649138,30552.7451138133,10.0304243405203,0.151423943914045,18151.0045797707,0.194965739942248,9.80648118690901,0.193150196256677,12430.5664993984,26503.9382775356,18151.0045797707,12523275.5761033,21689.8286183608,25228.6526569509,14612.1805411805,11073.3565025904,0.194965739942248
"structural_epifauna","Sponges",2026,"799","Southern Bering Sea","Southern Bering Sea",388.036617142437,176.037826985151,855.341257172231,5.96109970924877,0.403273130264892,255.091489297286,0.45156668827667,5.5416222623697,0.430786081714109,109.650392800449,593.446737854651,255.091489297286,13268.924788696,370.282308326826,485.473127356365,139.900670267747,24.7098512382081,0.45156668827667
"structural_epifauna","Sponges",2026,"99904","All","AI Region: All Strata",53338.6943024714,40831.1182005134,69677.6486972802,NA,NA,NA,NA,NA,NA,NA,NA,51832.2087573089,80175867.8555706,60786.30658208,69740.4044068511,42878.1109325378,33924.0131077667,0.172751616021158
"structural_epifauna","Sea anemones",1991,"299","Western Aleutians","Western Aleutians",97.0842704959616,35.8460506829557,262.939860825858,4.5755793693425,0.508349121965951,132.487408644303,0.65077689880221,4.88648761181112,0.594244103448797,41.3383471264217,424.615754364871,132.487408644303,7433.84441542877,218.707153572183,304.926898500064,46.2676637164223,0,0.65077689880221
"structural_epifauna","Sea anemones",1991,"3499","Central Aleutians","Central Aleutians",3.68872030616805,1.70300247413605,7.98980489094081,1.30527959740677,0.394337216914874,3.53008433405499,0.415981557682703,1.26132176132696,0.399498722401439,1.61335950421605,7.72394210526293,3.53008433405499,2.15634534385452,4.99853431408649,6.466984294118,2.06163435402349,0.593184373991984,0.415981557682703
"structural_epifauna","Sea anemones",1991,"5699","Eastern Aleutians","Eastern Aleutians",41.4397291607972,20.9719336912179,81.8833007105743,3.72424006223482,0.347483430654012,56.4133560687336,0.495074063581968,4.03270594019834,0.46820348723382,22.5344211202737,141.22691352717,56.4133560687336,780.017278983076,84.3421454979781,112.270934927222,28.4845666394892,0.555777210244763,0.495074063581968
"structural_epifauna","Sea anemones",1991,"799","Southern Bering Sea","Southern Bering Sea",31.3080206965267,15.2887275494779,64.1120823666991,3.4438743170043,0.365699843095974,28.3296922341839,0.419996994427901,3.34391045018242,0.403059278017308,12.8575190672604,62.420398358747,28.3296922341839,141.571579682223,40.2280778256086,52.1264634170333,16.4313066427592,4.53292105133454,0.419996994427901
"structural_epifauna","Sea anemones",1991,"99904","All","AI Region: All Strata",173.520740659454,95.6933355718203,314.645186721571,NA,NA,NA,NA,NA,NA,NA,NA,220.760541281275,8357.58961943792,312.180394811228,403.60024834118,129.340687751323,37.9208342213709,0.414113197038561
"structural_epifauna","Sea anemones",1994,"299","Western Aleutians","Western Aleutians",57.2026585006059,35.2490207666549,92.8293628693465,4.04660037458904,0.2470262868119,59.9981994671039,0.269317545645758,4.09431455289022,0.264616992327544,35.71871489691,100.781451675514,59.9981994671039,261.099314111338,76.156767290749,92.3153351143941,43.8396316434589,27.6810638198138,0.269317545645758
"structural_epifauna","Sea anemones",1994,"3499","Central Aleutians","Central Aleutians",16.613270203758,10.5400834341873,26.1858218283028,2.81020178586956,0.232155453069413,16.9323658172379,0.237469333836737,2.82922692750667,0.234220045848272,10.6991475833477,26.7969957359031,16.9323658172379,16.1677785944778,20.9532834481373,24.9742010790367,12.9114481863385,8.89053055543904,0.237469333836737
"structural_epifauna","Sea anemones",1994,"5699","Eastern Aleutians","Eastern Aleutians",33.7337897875608,20.4954241438736,55.5230555583059,3.51849999934551,0.254238524044956,23.9226628727753,0.282248968878747,3.17482624699904,0.276857953838668,13.9042511101588,41.1596276843942,23.9226628727753,45.5914881464115,30.67480980145,37.4269567301248,17.1705159441006,10.4183690154259,0.282248968878747
"structural_epifauna","Sea anemones",1994,"799","Southern Bering Sea","Southern Bering Sea",42.4177315157297,22.5351222916057,79.8426528890308,3.74756647094399,0.322705617584932,37.6012860995572,0.391025443447147,3.62703825458634,0.377201916301326,17.9526203312338,78.7548942858744,37.6012860995572,216.179960756091,52.3043456708197,67.0074052420821,22.8982265282948,8.19516695703243,0.391025443447147
"structural_epifauna","Sea anemones",1994,"99904","All","AI Region: All Strata",149.967450007654,112.779819751644,199.417201688429,NA,NA,NA,NA,NA,NA,NA,NA,138.454514256674,539.038541608318,161.67171782662,184.888921396567,115.237310686728,92.0201071167822,0.167688310450498
"structural_epifauna","Sea anemones",1997,"299","Western Aleutians","Western Aleutians",22.3812555322258,11.4515530048129,43.7425909820491,3.10822380194585,0.341893245396618,17.6131580022073,0.389700506995025,2.86864623648192,0.376010182377515,8.42901416230231,36.8042251249443,17.6131580022073,47.1125274698916,24.4770146054509,31.3408712086946,10.7493013989636,3.88544479571994,0.389700506995025
"structural_epifauna","Sea anemones",1997,"3499","Central Aleutians","Central Aleutians",11.2476069024255,3.64949559010991,34.6646976021364,2.42015538623797,0.574279135515789,10.8333088083434,0.673129292341255,2.38262553681979,0.611311132171736,3.26897910027991,35.9012939932474,10.8333088083434,53.1764359488001,18.1255263002179,25.4177437920924,3.54109131646892,0,0.673129292341255
"structural_epifauna","Sea anemones",1997,"5699","Eastern Aleutians","Eastern Aleutians",52.8955081800065,18.6842134660936,149.748598767541,3.968318423728,0.530948254298162,603.674699492818,0.945809600930681,6.40303547585148,0.799365001338281,126.003396473447,2892.16920342729,603.674699492818,325996.836494815,1174.63602611207,1745.59735273132,32.7133728735671,0,0.945809600930681
"structural_epifauna","Sea anemones",1997,"799","Southern Bering Sea","Southern Bering Sea",87.3001896597064,35.6761364140149,213.625237502645,4.46935263534843,0.456575031438835,118.508462274438,0.740118735674128,4.77498436962413,0.660922760799401,32.4467265683733,432.840446972582,118.508462274438,7693.10256149982,206.21879553968,293.929128804922,30.7981290091958,0,0.740118735674128
"structural_epifauna","Sea anemones",1997,"99904","All","AI Region: All Strata",173.824560274364,99.1646315901446,304.695104192562,NA,NA,NA,NA,NA,NA,NA,NA,750.629628577806,333790.228019733,1328.37544467666,1906.12126077552,172.88381247895,0,0.769681603420707
"structural_epifauna","Sea anemones",2000,"299","Western Aleutians","Western Aleutians",24.2380390732456,11.0125273915614,53.346749318086,3.18792326161058,0.402502183335299,30.5655755651368,0.629724143048145,3.41987439416015,0.577933125075081,9.84679758000595,94.879010362222,30.5655755651368,370.480918352542,49.8134564446659,69.061337324195,11.3176946856077,0,0.629724143048145
"structural_epifauna","Sea anemones",2000,"3499","Central Aleutians","Central Aleutians",13.1820872960286,5.81447625445429,29.8853100220335,2.5788588849746,0.417613883488802,12.9983881303793,0.455891914739632,2.56482535980332,0.43454748785712,5.54628278020932,30.4633032038819,12.9983881303793,35.1158173711489,18.9242481836668,24.8501082369544,7.07252807709177,1.14666802380424,0.455891914739632
"structural_epifauna","Sea anemones",2000,"5699","Eastern Aleutians","Eastern Aleutians",47.514337136121,23.3291173930127,96.7722951302539,3.8610314999424,0.362929753635162,86.8572304924422,0.561823972277214,4.46426574186938,0.523763241740288,31.1155797902172,242.456625898681,86.8572304924422,2381.29108973901,135.655704748704,184.454179004965,38.0587562361808,0,0.561823972277214
"structural_epifauna","Sea anemones",2000,"799","Southern Bering Sea","Southern Bering Sea",127.206557831481,48.9416870741357,330.628331851794,4.84581220485604,0.487347054677866,260.781911915371,0.913971744862849,5.56368447149453,0.779250999870438,56.6210359939914,1201.09433514168,260.781911915371,56809.434970132,499.129210977332,737.476510039294,22.4346128534096,0,0.913971744862849
"structural_epifauna","Sea anemones",2000,"99904","All","AI Region: All Strata",212.141021336877,116.025073500711,387.880063989595,NA,NA,NA,NA,NA,NA,NA,NA,391.203106103329,59596.3227955947,635.326687093767,879.450268084204,147.079525112892,0,0.62403282893658
"structural_epifauna","Sea anemones",2002,"299","Western Aleutians","Western Aleutians",19.3540847531521,9.18230298910046,40.7937526214097,2.96290349555178,0.380428139491892,11.9846955605921,0.489879881709654,2.48363046586093,0.463785623014493,4.82894176895469,29.7441830016448,11.9846955605921,34.4693601255037,17.8557568041411,23.7268180476901,6.113634317043,0.242573073493958,0.489879881709654
"structural_epifauna","Sea anemones",2002,"3499","Central Aleutians","Central Aleutians",19.2090792351099,10.5530445023582,34.9651444166918,2.95538304409136,0.305601864167935,19.3541083613624,0.321160153791537,2.96290471535609,0.313311576104014,10.4732596651437,35.7655135497129,19.3541083613624,38.6357770241331,25.5698767791957,31.7856451970289,13.1383399435292,6.92257152569596,0.321160153791537
"structural_epifauna","Sea anemones",2002,"5699","Eastern Aleutians","Eastern Aleutians",35.7005683458132,22.8046628586747,55.8890341029206,3.57516660870966,0.228678478711259,26.5630380609331,0.251624180848785,3.27952070289108,0.247772337361563,16.3445718503093,43.1699892471168,26.5630380609331,44.6745552086558,33.2469407538705,39.9308434468079,19.8791353679957,13.1952326750583,0.251624180848785
"structural_epifauna","Sea anemones",2002,"799","Southern Bering Sea","Southern Bering Sea",110.808010240113,51.2991543329912,239.349269847056,4.70779906628591,0.392928035952048,81.6447012502427,0.626134471725593,4.40237692141649,0.575129064823842,26.4470512431766,252.045386116956,81.6447012502427,2613.31184759297,132.765263136757,183.885825023272,30.5241393637281,0,0.626134471725593
"structural_epifauna","Sea anemones",2002,"99904","All","AI Region: All Strata",185.071742574188,114.563441186493,298.974520533908,NA,NA,NA,NA,NA,NA,NA,NA,139.54654323313,2731.09153995126,191.806389577635,244.06623592214,87.2866968886254,35.0268505441205,0.374497605843221
"structural_epifauna","Sea anemones",2004,"299","Western Aleutians","Western Aleutians",37.7259125101248,15.8957311474089,89.5362699282688,3.63034719283387,0.44097575657907,81.5785305173536,0.652254593083258,4.40156612094652,0.595380357298905,25.3972795393426,262.03816952369,81.5785305173536,2831.30103797036,134.78850174428,187.998472971207,28.368559290427,0,0.652254593083258
"structural_epifauna","Sea anemones",2004,"3499","Central Aleutians","Central Aleutians",21.1742589887625,9.27410687036333,48.3441963728012,3.05278624529828,0.421211788713333,24.0269227857844,0.461015495484779,3.17917498436086,0.438991396441895,10.1631421168913,56.8026120184401,24.0269227857844,122.695137425976,35.1037064988473,46.1804902119102,12.9501390727215,1.87335535965856,0.461015495484779
"structural_epifauna","Sea anemones",2004,"5699","Eastern Aleutians","Eastern Aleutians",42.8932119485471,26.0871922063221,70.5260886917952,3.75871358377674,0.253713391611924,55.3977687592863,0.5760996802501,4.01453931783904,0.535349995794796,19.3999910932348,158.191453220695,55.3977687592863,1018.54404646697,87.3124056280801,119.227042496874,23.4831318904925,0,0.5760996802501
"structural_epifauna","Sea anemones",2004,"799","Southern Bering Sea","Southern Bering Sea",130.79126019502,62.551750098625,273.47522197908,4.87360261870978,0.376337733148053,138.52792853287,0.573076811970164,4.93107195535558,0.532905275065054,48.7447163524723,393.683427037413,138.52792853287,6302.31857729439,217.915072185318,297.302215837766,59.1407848804221,0,0.573076811970164
"structural_epifauna","Sea anemones",2004,"99904","All","AI Region: All Strata",232.584643642454,147.768535956106,366.083456862267,NA,NA,NA,NA,NA,NA,NA,NA,299.531150595294,10274.8587991577,400.896128764076,502.261106932859,198.166172426512,96.8011942577298,0.338412141666493
"structural_epifauna","Sea anemones",2006,"299","Western Aleutians","Western Aleutians",30.7645953878824,14.7332944030889,64.2395586136991,3.42636452840379,0.375647040518857,27.2716943825336,0.49434876205412,3.30584932850021,0.467587398535167,10.9068918336349,68.1903997801407,27.2716943825336,181.756999495275,40.7534227396573,54.2351510967811,13.7899660254098,0.308237668286015,0.49434876205412
"structural_epifauna","Sea anemones",2006,"3499","Central Aleutians","Central Aleutians",2.14068926982637,0.870912934071604,5.26177803850713,0.761127865878242,0.458855948874768,1.75013344834219,0.497946619657998,0.559692041223605,0.470640919346791,0.695762292779069,4.40231831876342,1.75013344834219,0.759465249951951,2.62160648289458,3.49307951744697,0.878660413789802,0.00718737923741175,0.497946619657998
"structural_epifauna","Sea anemones",2006,"5699","Eastern Aleutians","Eastern Aleutians",47.2405723260045,28.8384543230718,77.3852734507703,3.85525310653952,0.251812479388634,49.6286231762449,0.329338806365913,3.90456774745038,0.320897674928178,26.459621708892,93.0852400486887,49.6286231762449,267.146979473849,65.973254694693,82.3178862131412,33.2839916577967,16.9393601393486,0.329338806365913
"structural_epifauna","Sea anemones",2006,"799","Southern Bering Sea","Southern Bering Sea",144.433752794063,65.8012071479032,317.032313697321,4.97282094425583,0.40112102394806,212.223807600978,0.545675513238169,5.35764141404766,0.510530177316584,78.0243262827398,577.242337850477,212.223807600978,13410.8756455032,328.029142735001,443.834477869023,96.4184724669561,0,0.545675513238169
"structural_epifauna","Sea anemones",2006,"99904","All","AI Region: All Strata",224.579609777776,132.718914039252,380.021201145616,NA,NA,NA,NA,NA,NA,NA,NA,290.874258608099,13860.5390897223,408.605049354285,526.335840100472,173.143467861913,55.4126771157265,0.404748056117291
"structural_epifauna","Sea anemones",2010,"299","Western Aleutians","Western Aleutians",31.815630458759,12.2569893248655,82.5842557792568,3.45995769288819,0.486672902663187,75.0759987633758,0.644322444169757,4.31850091732237,0.589267791721729,23.6545921727517,238.279550505678,75.0759987633758,2339.96173976858,123.44914978508,171.822300806784,26.7028477416719,0,0.644322444169757
"structural_epifauna","Sea anemones",2010,"3499","Central Aleutians","Central Aleutians",16.4991018260939,6.99574912533002,38.9122531684513,2.80330594464272,0.437764803142813,17.3915246931123,0.479758613871268,2.85598300095253,0.455138453346931,7.12726823606092,42.4377364697446,17.3915246931123,69.6178933894352,25.7352584729878,34.0789922528633,9.04779091323681,0.704057133361324,0.479758613871268
"structural_epifauna","Sea anemones",2010,"5699","Eastern Aleutians","Eastern Aleutians",52.1942435947137,26.5273542149067,102.695468321279,3.95497221284441,0.34531031338007,71.3485952630063,0.428484471375201,4.26757765575435,0.41056028526589,31.9091972457782,159.534632187521,71.3485952630063,934.632822835692,101.920360387639,132.492125512271,40.7768301383739,10.2050650137414,0.428484471375201
"structural_epifauna","Sea anemones",2010,"799","Southern Bering Sea","Southern Bering Sea",66.6635673669248,33.3600227531255,133.214274072045,4.19965858730313,0.353220943458892,51.8798570790496,0.424494054193043,3.94893060460732,0.407037897815871,23.3629394939617,115.204662976517,51.8798570790496,484.99891282266,73.902547941491,95.9252388039324,29.8571662166082,7.83447535416678,0.424494054193043
"structural_epifauna","Sea anemones",2010,"99904","All","AI Region: All Strata",167.172543246491,111.92058669977,249.700792674253,NA,NA,NA,NA,NA,NA,NA,NA,215.695975798544,3829.21136881636,277.576597715396,339.457219632248,153.815353881692,91.9347319648404,0.286888161393642
"structural_epifauna","Sea anemones",2012,"299","Western Aleutians","Western Aleutians",12.0182571117725,6.35575090846989,22.7256395168329,2.4864269195731,0.325040085774221,8.01109129911884,0.369354332122004,2.0808269938874,0.357610511731872,3.97459664658349,16.1469425728982,8.01109129911884,8.75527429818851,10.9700225754733,13.9289538518277,5.0521600227644,2.09322874640996,0.369354332122004
"structural_epifauna","Sea anemones",2012,"3499","Central Aleutians","Central Aleutians",18.1390240778068,11.1065593180817,29.6243134414811,2.89806564378036,0.250274895000379,18.8133436537994,0.258060449222498,2.93456638688826,0.253912415273053,11.4376117120246,30.9454375919972,18.8133436537994,23.5708299719143,23.6683235684761,28.5233034831528,13.9583637391227,9.10338382444599,0.258060449222498
"structural_epifauna","Sea anemones",2012,"5699","Eastern Aleutians","Eastern Aleutians",45.7897398324514,25.7556496959853,81.4073921129008,3.82406004489814,0.293579902857247,57.1561116793445,0.425271043265224,4.04578632554394,0.407724345755112,25.704377091504,127.092015911231,57.1561116793445,590.822433978166,81.462950922203,105.769790165061,32.849272436486,8.54243319362752,0.425271043265224
"structural_epifauna","Sea anemones",2012,"799","Southern Bering Sea","Southern Bering Sea",74.5160790227531,36.7437629173662,151.118056291966,4.31101492790724,0.360744604882141,48.1273650862406,0.496854835921354,3.87385093604955,0.469715001729106,19.1676976794992,120.840974689497,48.1273650862406,571.798764816053,72.0396791694918,95.951993252743,24.2150510029894,0.302736919738237,0.496854835921354
"structural_epifauna","Sea anemones",2012,"99904","All","AI Region: All Strata",150.463100044784,100.938860222463,224.285715384455,NA,NA,NA,NA,NA,NA,NA,NA,132.107911718503,1194.94730306432,166.675921540654,201.243931362805,97.5399018963524,62.9718920742015,0.261664947787599
"structural_epifauna","Sea anemones",2014,"299","Western Aleutians","Western Aleutians",16.1712386707695,6.61379287524661,39.5399379871325,2.7832342736712,0.456170104534881,45.2235997794787,0.799934755386446,3.81161906959649,0.703301207964586,11.3949928098113,179.480058579197,45.2235997794787,1308.69785545802,81.3995290067705,117.575458234062,9.04767055218688,0,0.799934755386446
"structural_epifauna","Sea anemones",2014,"3499","Central Aleutians","Central Aleutians",2.53568480946185,1.26241712580411,5.09316399588616,0.930463742360969,0.355840980128665,2.4787960110263,0.381237278768065,0.907772962868722,0.368379101614536,1.20413707617161,5.10276594406949,2.4787960110263,0.893042852773703,3.42380545689111,4.36881490275591,1.5337865651615,0.588777119296697,0.381237278768065
"structural_epifauna","Sea anemones",2014,"5699","Eastern Aleutians","Eastern Aleutians",35.2737614978296,22.8116152939647,54.5440660019791,3.56313938720981,0.222386503880498,32.0531349278986,0.355759573778126,3.46739499224622,0.34521452536302,16.2938372841406,63.0547268141731,32.0531349278986,130.033189642267,43.4563445481006,54.8595541683026,20.6499253076966,9.24671568749466,0.355759573778126
"structural_epifauna","Sea anemones",2014,"799","Southern Bering Sea","Southern Bering Sea",159.864363317265,79.6676956291351,320.790182984635,5.07432572644108,0.355344053721292,250.269793309209,0.404744949648556,5.52253950921025,0.389495041309258,116.64594737174,536.966528664921,250.269793309209,10260.7651298561,351.565228200699,452.860663092189,148.974358417719,47.6789235262286,0.404744949648556
"structural_epifauna","Sea anemones",2014,"99904","All","AI Region: All Strata",213.845048295326,125.871457922221,363.304798683492,NA,NA,NA,NA,NA,NA,NA,NA,330.025324027613,11700.3892178092,438.193661436529,546.361998845446,221.856986618696,113.68864920978,0.327757688679267
"structural_epifauna","Sea anemones",2016,"299","Western Aleutians","Western Aleutians",9.46206888128904,3.8185998639197,23.4459620554109,2.24729105696359,0.462971379300869,4.40101995091623,0.909216333316963,1.48183632108753,0.776206810994748,0.961268922532283,20.1493839594218,4.40101995091623,16.0118359691144,8.40249917354308,12.4039783961699,0.399540728289376,0,0.909216333316963
"structural_epifauna","Sea anemones",2016,"3499","Central Aleutians","Central Aleutians",0.651788213739558,0.333796749553952,1.27271423744388,-0.428035595375557,0.341428421853708,0.589084811935504,0.360440940423147,-0.529185112597234,0.349492164461109,0.296954257313675,1.16860057435219,0.589084811935504,0.0450841493349412,0.801415095538529,1.01374537914155,0.376754528332478,0.164424244729453,0.360440940423147
"structural_epifauna","Sea anemones",2016,"5699","Eastern Aleutians","Eastern Aleutians",29.3863353772006,19.5510265750923,44.1693792182487,3.38052978321108,0.207912997962076,29.006725164356,0.281338753297626,3.36752770532048,0.27599833105296,16.8876218163469,49.8228888537779,29.006725164356,66.59728391869,37.1674410593428,45.3281569543296,20.8460092693692,12.6852933743824,0.281338753297626
"structural_epifauna","Sea anemones",2016,"799","Southern Bering Sea","Southern Bering Sea",129.737004610645,65.6485518398448,256.390885916338,4.86550935988654,0.347554252809347,187.252144646663,0.449622487178841,5.23245607571846,0.429092362604585,80.7574726979571,434.181067130668,187.252144646663,7088.42336314438,271.444919652268,355.637694657872,103.059369641058,18.8665946354535,0.449622487178841
"structural_epifauna","Sea anemones",2016,"99904","All","AI Region: All Strata",169.237197082874,99.671936001944,287.354997056632,NA,NA,NA,NA,NA,NA,NA,NA,221.248974573871,7171.07756718152,305.931189750267,390.613404926664,136.566759397474,51.8845442210777,0.38274624928543
"structural_epifauna","Sea anemones",2018,"299","Western Aleutians","Western Aleutians",9.20933450527459,4.37957736680068,19.3653028424514,2.22021758981443,0.379223989594955,9.57961510115412,0.494814719799541,2.25963741384308,0.467983224564659,3.82824758289827,23.9715492530355,9.57961510115412,22.4688756664834,14.3197496632191,19.0598842252842,4.83948053908909,0.0993459770240666,0.494814719799541
"structural_epifauna","Sea anemones",2018,"3499","Central Aleutians","Central Aleutians",3.42150399983684,1.68218550258955,6.9592144284196,1.23008022043993,0.362244604317474,3.88719516969812,0.381112195352503,1.35768786149151,0.368266075595374,1.88872050171747,8.00027652243099,3.88719516969812,2.19471627952859,5.36865265458541,6.8501101394727,2.40573768481082,0.924280199923528,0.381112195352503
"structural_epifauna","Sea anemones",2018,"5699","Eastern Aleutians","Eastern Aleutians",24.8922787346266,14.6751586552919,42.2227490112281,3.21455766440366,0.269597549573564,23.6050630735944,0.425244855069839,3.1614612260385,0.407701213869182,10.6162041834379,52.485708929529,23.6050630735944,100.760071321125,33.6429946992395,43.6809263248846,13.5671314479494,3.52919982230429,0.425244855069839
"structural_epifauna","Sea anemones",2018,"799","Southern Bering Sea","Southern Bering Sea",54.6492577620975,22.534180711291,132.533834365309,4.00093563286696,0.451999292155591,26.7915680581909,0.581562398355043,3.28808721331771,0.539755967321992,9.30158631320577,77.1683554661646,26.7915680581909,242.766581754267,42.3725366338048,57.9535052094186,11.210599482577,0,0.581562398355043
"structural_epifauna","Sea anemones",2018,"99904","All","AI Region: All Strata",92.1723750018355,53.1805291759854,159.752955548163,NA,NA,NA,NA,NA,NA,NA,NA,63.8634414026376,368.190245021404,83.0517254588372,102.240009515037,44.675157346438,25.4868732902383,0.300458034123528
"structural_epifauna","Sea anemones",2022,"299","Western Aleutians","Western Aleutians",7.55253787661636,3.53125538047307,16.1531303267234,2.02188364937586,0.387879683395826,5.44019394471074,0.464330515995832,1.69381471183359,0.441859829075747,2.28824548608202,12.9338003007456,5.44019394471074,6.38091880883078,7.96624200617568,10.4922900676406,2.9141458832458,0.388097821780864,0.464330515995832
"structural_epifauna","Sea anemones",2022,"3499","Central Aleutians","Central Aleutians",0.0993809323457539,0.0273179129008535,0.361541884614572,-2.30879501122836,0.658898653601503,0.0469465335357001,0.72029519737798,-3.05874590915909,0.646480566166798,0.0132226430612564,0.166682031785042,0.0469465335357001,0.00114347875042798,0.0807618961750091,0.114577258814318,0.013131170896391,0,0.72029519737798
"structural_epifauna","Sea anemones",2022,"5699","Eastern Aleutians","Eastern Aleutians",19.0085018231373,9.02802301917754,40.0223992332188,2.94488634345976,0.37988092670418,12.7859310065915,0.588043603157428,2.54834542631805,0.544963415262489,4.39398587572591,37.2054067375239,12.7859310065915,56.5306232095145,20.3046159454298,27.8233008842682,5.26724606775314,0,0.588043603157428
"structural_epifauna","Sea anemones",2022,"799","Southern Bering Sea","Southern Bering Sea",48.5195430435544,19.01708922715,123.791082275325,3.88196666613279,0.477880545557955,27.0342819742783,0.823888443981244,3.29710576336451,0.71977398348669,6.59541478942644,110.812196836576,27.0342819742783,496.096886441774,49.3075144842167,71.580746994155,4.76104946433997,0,0.823888443981244
"structural_epifauna","Sea anemones",2022,"99904","All","AI Region: All Strata",75.1799636756538,39.7328045898833,142.250893099848,NA,NA,NA,NA,NA,NA,NA,NA,45.3073534591162,559.00957193887,68.9507367182623,92.5941199774084,21.6639701999701,0,0.521844280321539
"structural_epifauna","Sea anemones",2024,"299","Western Aleutians","Western Aleutians",13.4066702384137,6.34471239337304,28.3289132332149,2.5957523620921,0.381706294568601,15.0699716022426,0.612317961161346,2.71270412824662,0.564274056066081,4.98656502481771,45.5431831254824,15.0699716022426,85.148865415705,24.2975858884872,33.5252001747318,5.84235731599804,0,0.612317961161346
"structural_epifauna","Sea anemones",2024,"3499","Central Aleutians","Central Aleutians",11.6858850726034,2.68505766241848,50.8592094097125,2.45838170946155,0.750360474769323,28.7188036388103,0.952551562171187,3.35755208728211,0.803565300516461,5.94525272078781,138.727438711008,28.7188036388103,748.358465175244,56.0749449086467,83.4310861784831,1.36266236897399,0,0.952551562171187
"structural_epifauna","Sea anemones",2024,"5699","Eastern Aleutians","Eastern Aleutians",18.9196255943616,9.56568703786092,37.4204415442455,2.94019977454641,0.347974427742277,11.8238721100954,0.536291695777536,2.47012054801875,0.502779118108453,4.41360397829412,31.6756900626883,11.8238721100954,40.2088443944945,18.1649165346752,24.505960959255,5.48282768551564,0,0.536291695777536
"structural_epifauna","Sea anemones",2024,"799","Southern Bering Sea","Southern Bering Sea",66.2830107480787,35.1074139204599,125.142726940349,4.19393361621104,0.32425151189073,69.0650934022426,0.41721485765469,4.23504944253272,0.400593114778071,31.4972854243374,151.441213501364,69.0650934022426,830.303251786598,97.880076514967,126.695059627692,40.2501102895181,11.4351271767936,0.41721485765469
"structural_epifauna","Sea anemones",2024,"99904","All","AI Region: All Strata",110.295191653457,71.1554268415465,170.96418139635,NA,NA,NA,NA,NA,NA,NA,NA,124.677740753391,1704.01942677204,165.957510941366,207.237281129341,83.3979705654158,42.1182003774407,0.331091740502624
"structural_epifauna","Sea anemones",2026,"299","Western Aleutians","Western Aleutians",20.5426275070673,11.0646617314808,38.1393986671511,3.02250211779274,0.315692390612349,23.1276213886868,0.343028758190879,3.14102763432265,0.333534142149174,12.028907702846,44.4667865372258,23.1276213886868,62.9394582520441,31.0610606335568,38.9944998784269,15.1941821438167,7.2607428989467,0.343028758190879
"structural_epifauna","Sea anemones",2026,"3499","Central Aleutians","Central Aleutians",8.61029320515079,3.37900211310769,21.9405453435723,2.1529583718843,0.477242411679843,8.4382367724,0.521724762247588,2.13277337355971,0.490657836966695,3.22554421346529,22.0749849063726,8.4382367724,19.3814521893784,12.8406738462693,17.2431109201385,4.03579969853075,0,0.521724762247588
"structural_epifauna","Sea anemones",2026,"5699","Eastern Aleutians","Eastern Aleutians",22.5734452926144,12.4565422340727,40.9070529207409,3.11677422838729,0.30333632022544,29.7918283803407,0.406838478934997,3.39423414048263,0.391363303759749,13.8346478622821,64.1543642511815,29.7918283803407,146.905602558691,41.912290523291,54.0327526662413,17.6713662373904,5.55090409444014,0.406838478934997
"structural_epifauna","Sea anemones",2026,"799","Southern Bering Sea","Southern Bering Sea",83.2291308360431,37.8431921643262,183.047143318242,4.42159741678678,0.402122856774716,98.1677965779416,0.519088090536902,4.58667822448912,0.488452313344866,37.6875304394715,255.705698213514,98.1677965779416,2596.69066234976,149.1255306558,200.083264733659,47.2100625000829,0,0.519088090536902
"structural_epifauna","Sea anemones",2026,"99904","All","AI Region: All Strata",134.955496840876,81.1614114982074,224.404501983924,NA,NA,NA,NA,NA,NA,NA,NA,159.525483119369,2825.91717534988,212.684839542767,265.844195966165,106.366126695971,53.2067702725729,0.333234260658031
"structural_epifauna","Corals",1991,"299","Western Aleutians","Western Aleutians",12077.4208111416,5701.58633495691,25583.0719522902,9.39909293968106,0.382962761622191,18591.5342772055,0.439020918814351,9.83046160970394,0.419824547653777,8165.07030970682,42332.1702900216,18591.5342772055,66619426.851224,26753.6067377528,34915.6791983,10429.4618166583,2267.389356111,0.439020918814351
"structural_epifauna","Corals",1991,"3499","Central Aleutians","Central Aleutians",1971.27234428084,757.960941697822,5126.8006589127,7.58643447329523,0.487663357399864,3096.8438066264,0.823562377257023,8.03813874493528,0.719551635889144,755.850385318039,12688.2803117245,3096.8438066264,6504764.83881059,5647.28785400532,8197.73190138424,546.399759247473,0,0.823562377257023
"structural_epifauna","Corals",1991,"5699","Eastern Aleutians","Eastern Aleutians",952.104210307094,760.915313235248,1191.33156018406,6.85867449340884,0.114365583773805,637.217427999423,0.551535423826612,6.45711092857119,0.515347623840621,232.072110925425,1749.65466090271,637.217427999423,123515.685613261,988.665412220789,1340.11339644215,285.769443778058,0,0.551535423826612
"structural_epifauna","Corals",1991,"799","Southern Bering Sea","Southern Bering Sea",88.2749104654126,32.5275695612554,239.564772984406,4.48045592754503,0.509380739386048,86.9470889851727,0.556304211097383,4.4652997610584,0.519255059151045,31.4242078440537,240.572374028071,86.9470889851727,2339.5632319595,135.316120730283,183.685152475394,38.5780572400622,0,0.556304211097383
"structural_epifauna","Corals",1991,"99904","All","AI Region: All Strata",15089.072276195,8167.47286934051,27876.4442562048,NA,NA,NA,NA,NA,NA,NA,NA,22412.5426008165,73250046.9388798,30971.1667273266,39529.7908538366,13853.9184743065,5295.29434779642,0.381867612209167
"structural_epifauna","Corals",1994,"299","Western Aleutians","Western Aleutians",6519.415758424,3318.36154315092,12808.363789929,8.78254004330202,0.344554093664003,5033.35671127076,0.57586648517439,8.52384237874745,0.535161568894569,1763.30466462282,14367.726854686,5033.35671127076,8401542.46750409,7931.89814921918,10830.4395871676,2134.81527332234,0,0.57586648517439
"structural_epifauna","Corals",1994,"3499","Central Aleutians","Central Aleutians",1799.9145741659,790.033020778737,4100.70514660443,7.49549448396133,0.420119832514641,2036.56769011486,0.749038912553777,7.6190211649917,0.667356444854547,550.60989740894,7532.75227332019,2036.56769011486,2327053.98567815,3562.03613806066,5087.50458600645,511.099242169068,0,0.749038912553777
"structural_epifauna","Corals",1994,"5699","Eastern Aleutians","Eastern Aleutians",954.088417394492,760.221609988726,1197.39388652715,6.86075634786071,0.115893132111772,824.502027947963,0.242830105533893,6.71477960160604,0.239360387020632,515.760166444893,1318.06145243079,824.502027947963,40085.611543201,1024.71594240748,1224.92985686699,624.288113488451,424.074199028938,0.242830105533893
"structural_epifauna","Corals",1994,"799","Southern Bering Sea","Southern Bering Sea",128.364769099352,52.7250927728756,312.517495548283,4.85487596964426,0.453980017356473,142.108994855651,0.492454742765684,4.95659433257651,0.46597733233957,57.0139254181798,354.211120717606,142.108994855651,4897.51510600166,212.091243361981,282.07349186831,72.1267463493216,2.14449784299208,0.492454742765684
"structural_epifauna","Corals",1994,"99904","All","AI Region: All Strata",9401.78351908374,5732.2793001095,15420.31166172,NA,NA,NA,NA,NA,NA,NA,NA,8036.53542418923,10773579.5798314,11318.8485688833,14601.1617135774,4754.22227949517,1471.9091348011,0.408423900529898
"structural_epifauna","Corals",1997,"299","Western Aleutians","Western Aleutians",4418.42591786332,2358.09807926532,8278.91246903887,8.39353878446316,0.320377371688342,3555.05556805663,0.464686715293187,8.17612597307344,0.442167722362527,1494.41956876144,8457.07614926714,3555.05556805663,2729061.36074144,5207.04266266162,6859.0297572666,1903.06847345164,251.081378846647,0.464686715293187
"structural_epifauna","Corals",1997,"3499","Central Aleutians","Central Aleutians",1596.61834484187,739.598302015016,3446.7225413314,7.37564313708798,0.392627588804149,3569.45345191163,0.952539295946242,8.18016776835087,0.803557677115644,738.94512445573,17242.1435959108,3569.45345191163,11560303.8123743,6969.49812990842,10369.5428079052,169.408773914844,0,0.952539295946242
"structural_epifauna","Corals",1997,"5699","Eastern Aleutians","Eastern Aleutians",959.436698746313,733.47157515463,1255.01629522202,6.86634634010448,0.137021648222166,1593.86134748977,0.304528918904684,7.37391487155791,0.297802530807012,889.120379778507,2857.19915187949,1593.86134748977,235590.708877257,2079.2382205248,2564.61509355982,1108.48447445475,623.107601419727,0.304528918904684
"structural_epifauna","Corals",1997,"799","Southern Bering Sea","Southern Bering Sea",8.2371661809635,2.47623751730946,27.4008071594569,2.1086563746935,0.613233766600576,8.08245708705537,0.724338840785433,2.08969592123811,0.649442734736374,2.26327199382764,28.863571299538,8.08245708705537,34.2744395787559,13.9368946841911,19.7913322813268,2.22801948991968,0,0.724338840785433
"structural_epifauna","Corals",1997,"99904","All","AI Region: All Strata",6982.71812763246,4514.62814355583,10800.0816234587,NA,NA,NA,NA,NA,NA,NA,NA,8726.45282454509,14524990.1564326,12537.6193331658,16348.7858417866,4915.28631592433,1104.11980730357,0.436737192677076
"structural_epifauna","Corals",2000,"299","Western Aleutians","Western Aleutians",3962.66935860278,2074.18395034437,7570.56694176149,8.28467315761359,0.330286721771999,4219.2299387241,0.597746176464391,8.34740791140341,0.552718549011453,1428.09899075472,12465.4532991567,4219.2299387241,6360628.07509179,6741.25850222051,9263.28706571693,1697.20137522768,0,0.597746176464391
"structural_epifauna","Corals",2000,"3499","Central Aleutians","Central Aleutians",1243.78678230254,665.410456715078,2324.88916310029,7.12591586174609,0.319144529332255,1198.23396350513,0.692789195813808,7.0886040546872,0.626109371714652,351.233848173675,4087.77411050446,1198.23396350513,689105.098259138,2028.35750747864,2858.48105145215,368.110419531618,0,0.692789195813808
"structural_epifauna","Corals",2000,"5699","Eastern Aleutians","Eastern Aleutians",957.241934853504,747.17708743573,1226.36539215464,6.86405616499259,0.126407395783349,872.066583932049,0.359554330069061,6.77086577871412,0.348682744123165,440.301693150668,1727.22507917015,872.066583932049,98316.9364184363,1185.62190029335,1499.17721665465,558.511267570747,244.955951209445,0.359554330069061
"structural_epifauna","Corals",2000,"799","Southern Bering Sea","Southern Bering Sea",0.713122665770716,0.247721305653195,2.05288735700386,-0.338101831611167,0.539473739810446,0.460368458956417,0.580504419249986,-0.775728112395136,0.538903853860845,0.160099423943183,1.32379688060039,0.460368458956417,0.0714203843796681,0.727614383863922,0.994860308771428,0.193122534048911,0,0.580504419249986
"structural_epifauna","Corals",2000,"99904","All","AI Region: All Strata",6164.41119842459,3983.8157338376,9538.5851058571,NA,NA,NA,NA,NA,NA,NA,NA,6289.99085462023,7148050.18118975,8963.57462573902,11637.1583968578,3616.40708350144,942.823312382656,0.425053681779989
"structural_epifauna","Corals",2002,"299","Western Aleutians","Western Aleutians",3560.3289471967,1922.76988519262,6592.54251372721,8.17760822047532,0.314335442586158,5347.16012479939,0.493896590755038,8.5843208811619,0.467203180125872,2140.12490824778,13360.0245901789,5347.16012479939,6974586.0343695,7988.10428065909,10629.0484365188,2706.21596893969,65.2718130799904,0.493896590755038
"structural_epifauna","Corals",2002,"3499","Central Aleutians","Central Aleutians",1060.02229776316,599.897412389279,1873.06570848475,6.96604522251049,0.290457664403346,1374.1108135444,0.668852014275089,7.22556211985366,0.608065203567772,417.287828793118,4524.88761380998,1374.1108135444,844702.137601541,2293.18759902075,3212.2643844971,455.034028068045,0,0.668852014275089
"structural_epifauna","Corals",2002,"5699","Eastern Aleutians","Eastern Aleutians",956.454258899278,751.252283671989,1217.70644728714,6.86323296640832,0.123212182794569,983.695103662786,0.292669632843861,6.89131599503635,0.286677457989841,560.841594102383,1725.36428671781,983.695103662786,82885.0769243079,1271.59278848208,1559.49047330137,695.797418843495,407.899734024204,0.292669632843861
"structural_epifauna","Corals",2002,"799","Southern Bering Sea","Southern Bering Sea",112.487381914394,48.3336322397182,261.79309320678,4.72284105459305,0.430984152388852,135.438237396801,0.465242178433658,4.9085157238359,0.442647732209548,56.8799047472316,322.495549714245,135.438237396801,3970.45929093307,198.449818006504,261.461398616207,72.4266567870987,9.41507617739587,0.465242178433658
"structural_epifauna","Corals",2002,"99904","All","AI Region: All Strata",5689.29288577353,3804.99843121818,8506.71928654397,NA,NA,NA,NA,NA,NA,NA,NA,7840.40427940337,7906143.70818628,10652.1908481504,13463.9774168975,5028.61771065633,2216.83114190928,0.358627752925135
"structural_epifauna","Corals",2004,"299","Western Aleutians","Western Aleutians",2339.32317495462,1267.50933233765,4317.46952646655,7.75761692504098,0.312662799748083,1852.63979332851,0.533165731405312,7.52436681630883,0.500187078103275,695.073890857537,4937.99903718117,1852.63979332851,975677.819342778,2840.40384376908,3828.16789420966,864.875742887926,0,0.533165731405312
"structural_epifauna","Corals",2004,"3499","Central Aleutians","Central Aleutians",860.401858558348,503.356248216699,1470.71057691919,6.7573995575009,0.273526144034627,708.526853060158,0.669965207688703,6.56318795969713,0.608910889094113,214.807987409969,2337.01878389292,708.526853060158,225329.02038209,1183.21519332363,1657.9035335871,233.838512796686,0,0.669965207688703
"structural_epifauna","Corals",2004,"5699","Eastern Aleutians","Eastern Aleutians",955.367520770088,755.589951329508,1207.9661701911,6.8620961049521,0.119694683265765,841.735581184077,0.238957780748031,6.73546592832403,0.235648226020035,530.385389501754,1335.85653499408,841.735581184077,40457.0045106192,1042.87484764048,1244.01411409688,640.596314727676,439.457048271274,0.238957780748031
"structural_epifauna","Corals",2004,"799","Southern Bering Sea","Southern Bering Sea",263.846388471618,74.4184357220526,935.452566747341,5.57536707194908,0.645758482719946,263.427734405274,0.809125692161328,5.57377907763585,0.709655047997029,65.5544268658433,1058.57338049664,263.427734405274,45431.280379596,476.573882340431,689.720030275588,50.2815864701161,0,0.809125692161328
"structural_epifauna","Corals",2004,"99904","All","AI Region: All Strata",4418.93894275468,3105.46783852218,6287.94835276294,NA,NA,NA,NA,NA,NA,NA,NA,3666.32996197801,1286895.12461508,4800.74396251533,5935.15796305265,2531.9159614407,1397.50196090338,0.309414049554147
"structural_epifauna","Corals",2006,"299","Western Aleutians","Western Aleutians",1797.58759837511,935.869521389207,3452.74752514154,7.49420082185706,0.333028953833029,1708.24745949874,0.585655350407083,7.44322324646455,0.543047053010732,589.261808002812,4952.14409495548,1708.24745949874,1000888.72632041,2708.69172397349,3709.13598844823,707.803195023997,0,0.585655350407083
"structural_epifauna","Corals",2006,"3499","Central Aleutians","Central Aleutians",724.262404597484,432.039251958771,1214.13975312453,6.58515376401053,0.263595312441211,528.935976065941,0.393685469028665,6.27086739630306,0.379592109354474,251.358581993104,1113.0444186883,528.935976065941,43361.5686016681,737.170383889595,945.40479171325,320.701568242286,112.467160418632,0.393685469028665
"structural_epifauna","Corals",2006,"5699","Eastern Aleutians","Eastern Aleutians",956.281632849208,744.495486657454,1228.3144461096,6.86305246469736,0.127729732185336,1308.86478297269,0.217953909760181,7.17691546261608,0.21543004068577,858.065418297961,1996.49931529028,1308.86478297269,81380.2262649916,1594.136979769,1879.40917656531,1023.59258617638,738.320389380074,0.217953909760181
"structural_epifauna","Corals",2006,"799","Southern Bering Sea","Southern Bering Sea",627.595970354462,145.415672312133,2708.6262143719,6.44189660011561,0.746085267276867,879.638294830161,0.960243728626459,6.77951079437475,0.808332666227532,180.40564181193,4289.02068671638,879.638294830161,713462.604543947,1724.3054509005,2568.97260697083,34.9711387598263,0,0.960243728626459
"structural_epifauna","Corals",2006,"99904","All","AI Region: All Strata",4105.72760617626,2811.67902839854,5995.34975573621,NA,NA,NA,NA,NA,NA,NA,NA,4425.68651336753,1839093.12573102,5781.81819050328,7137.94986763903,3069.55483623178,1713.42315909604,0.306422895756315
"structural_epifauna","Corals",2010,"299","Western Aleutians","Western Aleutians",1124.88009200934,659.11260375705,1919.78610966654,7.02543172407736,0.272728140792337,1232.36794467037,0.380571308440938,7.11669275589281,0.367777246781667,599.360107052731,2533.92031464893,1232.36794467037,219964.640565535,1701.37182585424,2170.37570703811,763.364063486498,294.360182302627,0.380571308440938
"structural_epifauna","Corals",2010,"3499","Central Aleutians","Central Aleutians",694.928689326015,412.688123500445,1170.19573801196,6.5438092350142,0.265880944926319,994.357632066398,0.572806134319033,6.90209693275865,0.532686136802657,350.04134971975,2824.65800466232,994.357632066398,324414.713891291,1563.93178342098,2133.50593477556,424.783480711818,0,0.572806134319033
"structural_epifauna","Corals",2010,"5699","Eastern Aleutians","Eastern Aleutians",946.290585415636,789.104621929182,1134.78726034712,6.85254969462779,0.0926806733872393,1396.78593741611,0.265540762237848,7.24192911731996,0.261030538314849,837.414076621983,2329.80434581842,1396.78593741611,137569.482350877,1767.68953992069,2138.59314242528,1025.88233491153,654.97873240695,0.265540762237848
"structural_epifauna","Corals",2010,"799","Southern Bering Sea","Southern Bering Sea",36.0745009326165,11.8306273390159,110.000051581846,3.58558627040254,0.568834209765989,31.5214508606711,0.655827245968936,3.45066829377397,0.598122837257001,9.76074836687444,101.795664329771,31.5214508606711,427.357478424697,52.1940771675703,72.8667034744694,10.848824553772,0,0.655827245968936
"structural_epifauna","Corals",2010,"99904","All","AI Region: All Strata",2802.1738676836,2164.31192944414,3628.02527579542,NA,NA,NA,NA,NA,NA,NA,NA,3655.03296501355,682376.194286128,4481.09361308131,5307.15426114907,2828.97231694579,2002.91166887803,0.226006346857859
"structural_epifauna","Corals",2012,"299","Western Aleutians","Western Aleutians",794.516429345547,478.040966507374,1320.5068199741,6.67773366461199,0.259207432284429,651.651153264694,0.366036790444101,6.47950937773607,0.354592941285376,325.225888892194,1305.70548057436,651.651153264694,56895.7482933075,890.1794498949,1128.70774652511,413.122856634489,174.594560004283,0.366036790444101
"structural_epifauna","Corals",2012,"3499","Central Aleutians","Central Aleutians",623.527077734751,381.903587254496,1018.02137933142,6.43539219278135,0.250118884470987,672.459647947339,0.480242943273969,6.51094210662346,0.455553402342811,275.358488975407,1642.23002457661,672.459647947339,104292.827499769,995.403648510547,1318.34764907375,349.515647384132,26.5716468209245,0.480242943273969
"structural_epifauna","Corals",2012,"5699","Eastern Aleutians","Eastern Aleutians",936.409323279335,809.871226044448,1082.71832919316,6.84205269208079,0.0740714821242513,880.053139196883,0.209755638590223,6.77998229110013,0.207501869340078,585.980258515149,1321.70583659734,880.053139196883,34075.7231646433,1064.64924740245,1249.24535560803,695.457030991311,510.860922785738,0.209755638590223
"structural_epifauna","Corals",2012,"799","Southern Bering Sea","Southern Bering Sea",46.1669684522513,15.2705151241236,139.575447111414,3.83226457380979,0.564469923674965,51.3328485843209,0.665809320901389,3.93833087053835,0.605750427150543,15.6595640182152,168.271692667542,51.3328485843209,1168.12810031471,85.5107376401814,119.688626696042,17.1549595284604,0,0.665809320901389
"structural_epifauna","Corals",2012,"99904","All","AI Region: All Strata",2400.61979881188,1927.66629229543,2989.61259087285,NA,NA,NA,NA,NA,NA,NA,NA,2255.49678899324,196432.427058035,2698.70376892252,3141.9107488518,1812.28980906396,1369.08282913467,0.196500825047555
"structural_epifauna","Corals",2014,"299","Western Aleutians","Western Aleutians",731.284017755823,456.063767605207,1172.59109933949,6.59480191747201,0.24090711881413,653.337462739456,0.322802336213755,6.48209378405605,0.314836960823283,352.490855418404,1210.95294716841,653.337462739456,44478.3288575266,864.236322047719,1075.13518135598,442.438603431193,231.53974412293,0.322802336213755
"structural_epifauna","Corals",2014,"3499","Central Aleutians","Central Aleutians",545.485962101944,329.818367310626,902.178181514201,6.30167707094007,0.256706232392048,282.280847670876,0.492996254260195,5.64290248907157,0.466437842968505,113.148500064938,704.229193635421,282.280847670876,19366.4520529556,421.444248222011,560.607648773146,143.117447119742,3.95404656860671,0.492996254260195
"structural_epifauna","Corals",2014,"5699","Eastern Aleutians","Eastern Aleutians",927.858232498152,781.277888698873,1101.93941498633,6.8328789544116,0.087730212299756,1277.82514171404,0.472261517731624,7.15291480375652,0.448700519005224,530.318593979679,3078.97386841218,1277.82514171404,364173.193518669,1881.29278253555,2484.76042335705,674.357500892542,70.8898600710402,0.472261517731624
"structural_epifauna","Corals",2014,"799","Southern Bering Sea","Southern Bering Sea",16.3661685609385,7.39693930833177,36.2111222223153,2.79521631151069,0.405186018776811,16.1440029524643,0.439267927420924,2.78154864649431,0.420041095859804,7.0871495851459,36.7748455423366,16.1440029524643,50.2899781099612,23.2355456696705,30.3270883868768,9.05246023525802,1.96091751805175,0.439267927420924
"structural_epifauna","Corals",2014,"99904","All","AI Region: All Strata",2220.99438091686,1798.02132786339,2743.46914779147,NA,NA,NA,NA,NA,NA,NA,NA,2229.58745507684,428068.264407261,2883.85671494411,3538.12597481137,1575.31819520957,921.048935342306,0.293448574254163
"structural_epifauna","Corals",2016,"299","Western Aleutians","Western Aleutians",814.711002272045,484.024931499931,1371.32195890454,6.70283345191676,0.265666634321085,1010.6941051397,0.413206704573368,6.91839260661055,0.397033802336946,464.155977148306,2200.77436132583,1010.6941051397,174411.125501747,1428.3196856562,1845.94526617271,593.068524623193,175.442944106689,0.413206704573368
"structural_epifauna","Corals",2016,"3499","Central Aleutians","Central Aleutians",588.972357461226,358.909956167605,966.505475516657,6.37837925124506,0.252712660333841,1005.90003007371,0.51754413836413,6.9136379720376,0.487159192476551,387.154369094949,2613.51789175891,1005.90003007371,271021.928121416,1526.49769441865,2047.0953587636,485.302365728757,0,0.51754413836413
"structural_epifauna","Corals",2016,"5699","Eastern Aleutians","Eastern Aleutians",918.044711036096,716.64958299159,1176.0365337033,6.8222460942668,0.126359005439374,760.056739608546,0.161987263069789,6.63339308787332,0.160939473581255,554.439401547807,1041.92856029292,760.056739608546,15158.4139955118,883.176250635482,1006.29576166242,636.93722858161,513.817717554674,0.161987263069789
"structural_epifauna","Corals",2016,"799","Southern Bering Sea","Southern Bering Sea",8.18412001557752,3.41900080627283,19.5904664036607,2.10219569320181,0.445338462139274,7.44895431269698,0.490361548569016,2.00807366182817,0.464195867121083,2.99896275484544,18.5020371670159,7.44895431269698,13.3420768220943,11.1016350846909,14.7543158566849,3.79627354070304,0.143592768709095,0.490361548569016
"structural_epifauna","Corals",2016,"99904","All","AI Region: All Strata",2329.91219078494,1829.88341820104,2966.57741295074,NA,NA,NA,NA,NA,NA,NA,NA,2784.09982913465,460604.809695496,3462.77855260805,4141.45727608146,2105.42110566124,1426.74238218783,0.243769535981171
"structural_epifauna","Corals",2018,"299","Western Aleutians","Western Aleutians",721.411075827119,426.34263656797,1220.69409833251,6.58120912159128,0.2683548226208,676.069004175715,0.365755105323221,6.51629514801645,0.354336503837513,337.581972427067,1353.95055346414,676.069004175715,61145.2667799397,923.344694003768,1170.62038383182,428.793314347661,181.517624519608,0.365755105323221
"structural_epifauna","Corals",2018,"3499","Central Aleutians","Central Aleutians",543.674496191822,331.555248055171,891.501369811665,6.29835071518303,0.252329258366258,644.120729173104,0.426295508848124,6.46788617619459,0.408628995936282,289.162282345595,1434.80508725073,644.120729173104,75397.3472845371,918.706503175576,1193.29227717805,369.534955170631,94.9491811681582,0.426295508848124
"structural_epifauna","Corals",2018,"5699","Eastern Aleutians","Eastern Aleutians",914.434636246448,690.290945119965,1211.35980397635,6.81830599042294,0.143468361831607,664.121236692187,0.214534581586641,6.49846471818955,0.212125785355393,438.213317774912,1006.48930357728,664.121236692187,20299.6874467255,806.598208328748,949.075179965309,521.644265055626,379.167293419065,0.214534581586641
"structural_epifauna","Corals",2018,"799","Southern Bering Sea","Southern Bering Sea",28.4753641902768,13.323397491613,60.8588287093678,3.3490392990768,0.387516100061872,30.8849453051613,0.412067224818002,3.43026885822712,0.396020554026533,14.2119453839394,67.1181756426365,30.8849453051613,161.968223480363,43.6116190057149,56.3382927062685,18.1582716046077,5.43159790405408,0.412067224818002
"structural_epifauna","Corals",2018,"99904","All","AI Region: All Strata",2207.99557245567,1735.36100104891,2809.35462133646,NA,NA,NA,NA,NA,NA,NA,NA,2015.19591534617,157004.269734683,2411.43355835183,2807.67120135749,1618.9582723405,1222.72062933484,0.196624874032457
"structural_epifauna","Corals",2022,"299","Western Aleutians","Western Aleutians",672.916678010596,368.867303389578,1227.58740442379,6.51162151516071,0.306732446079773,476.960970976278,0.429704628923544,6.16743466568809,0.411635826041572,212.861830452168,1068.72973586382,476.960970976278,42005.460459951,681.913308020653,886.865645065028,272.008633931904,67.0562968875287,0.429704628923544
"structural_epifauna","Corals",2022,"3499","Central Aleutians","Central Aleutians",402.293334358099,223.384569381391,724.490179949012,5.99718150998452,0.300151789562981,162.456039723687,0.72783929712265,5.09040744039405,0.652000269249169,45.2639266812534,583.068389725776,162.456039723687,13981.1444953917,280.697929489504,398.939819255321,44.2141499578692,0,0.72783929712265
"structural_epifauna","Corals",2022,"5699","Eastern Aleutians","Eastern Aleutians",919.173577635356,726.279410821866,1163.29893596585,6.82347498116422,0.120175767946376,1583.39182828515,0.489561765183217,7.36732455185826,0.463514614140632,638.32821959399,3927.64976531175,1583.39182828515,600885.580826623,2358.55992671712,3133.72802514908,808.223729853193,33.0556314212315,0.489561765183217
"structural_epifauna","Corals",2022,"799","Southern Bering Sea","Southern Bering Sea",3.46382290293257,1.21078307678926,9.90934654843096,1.2423728643738,0.53628819278349,2.61486481856338,0.59604379921072,0.961212401558639,0.551361384329278,0.887420752841012,7.70493364897169,2.61486481856338,2.42915279152995,4.17343877944235,5.73201274032131,1.05629085768441,0,0.59604379921072
"structural_epifauna","Corals",2022,"99904","All","AI Region: All Strata",1997.84741290698,1542.87494604435,2586.98496303432,NA,NA,NA,NA,NA,NA,NA,NA,2225.42370380368,656874.614934758,3035.90172012168,3846.37973643968,1414.94568748568,604.467671167686,0.364190430313443
"structural_epifauna","Corals",2024,"299","Western Aleutians","Western Aleutians",914.126310580312,505.630258938948,1652.64419389914,6.81796875728932,0.302129566325418,921.476308692897,0.501264426036348,6.82597706727629,0.473451009721051,364.319102849798,2330.70014951251,921.476308692897,213354.652068574,1383.37960167593,1845.28289465897,459.57301570986,0,0.501264426036348
"structural_epifauna","Corals",2024,"3499","Central Aleutians","Central Aleutians",401.347153526766,239.252130649221,673.262709121714,5.99482677230568,0.263937929756798,391.743351914009,0.442387818004978,5.97060691086625,0.422773730004109,171.055082830531,897.154596223624,391.743351914009,30033.7518864196,565.045838585204,738.348325256399,218.440865242814,45.1383785716197,0.442387818004978
"structural_epifauna","Corals",2024,"5699","Eastern Aleutians","Eastern Aleutians",919.41343269058,726.389521815826,1163.7296998706,6.82373589354447,0.120231541514648,936.774233375658,0.272373761126798,6.84244230696892,0.267515476132761,554.530388348252,1582.50292996647,936.774233375658,65102.9111720989,1191.92695464686,1447.07967591806,681.621512104458,426.468790833257,0.272373761126798
"structural_epifauna","Corals",2024,"799","Southern Bering Sea","Southern Bering Sea",73.435876148008,21.6496580808061,249.095292198018,4.29641259206688,0.623186415879006,106.250516360041,0.743692901038638,4.66579966765193,0.663505460823166,28.9437086002195,390.038898701799,106.250516360041,6243.80556551819,185.268271108694,264.286025857346,27.2327616113889,0,0.743692901038638
"structural_epifauna","Corals",2024,"99904","All","AI Region: All Strata",2308.32277294567,1760.4919683847,3026.62785163881,NA,NA,NA,NA,NA,NA,NA,NA,2356.24441034261,314735.120692611,2917.25699548897,3478.26958063534,1795.23182519624,1234.21924004987,0.238096091680402
"structural_epifauna","Corals",2026,"299","Western Aleutians","Western Aleutians",1234.36990751884,638.845871412353,2385.03391314021,7.11831592252662,0.336053471000537,1648.95296976575,0.419250198120589,7.40789580169548,0.402397653840819,749.353543394572,3628.5221047758,1648.95296976575,477928.678390191,2340.27682903157,3031.60068829739,957.629110499924,266.305251234101,0.419250198120589
"structural_epifauna","Corals",2026,"3499","Central Aleutians","Central Aleutians",404.191387956006,238.004479855717,686.418500176304,6.00188849834968,0.270208537559659,409.347286222452,0.364481214547869,6.0145639063207,0.353176359717476,204.864945805205,817.93007622209,409.347286222452,22260.459782948,558.546682276685,707.746078330918,260.147890168219,110.948494113985,0.364481214547869
"structural_epifauna","Corals",2026,"5699","Eastern Aleutians","Eastern Aleutians",919.432717054162,722.855371030339,1169.46840968291,6.82375686796214,0.122730676573729,921.385884761504,0.311959903766908,6.82587893304597,0.304745656715262,507.039252368267,1674.33180897233,921.385884761504,82619.1390333239,1208.82133670389,1496.25678864628,633.950432819118,346.514980876732,0.311959903766908
"structural_epifauna","Corals",2026,"799","Southern Bering Sea","Southern Bering Sea",37.49374567958,8.58276625656749,163.791127832396,3.62417413718885,0.752267837447928,34.0308412323103,0.947024659958992,3.527267208522,0.800123505496808,7.09261395514451,163.282276788617,34.0308412323103,1038.64693906136,66.2588870784575,98.4869329246046,1.80279538616319,0,0.947024659958992
"structural_epifauna","Corals",2026,"99904","All","AI Region: All Strata",2595.48775820859,1855.50675253789,3630.57514816189,NA,NA,NA,NA,NA,NA,NA,NA,3013.71698198201,583846.924145524,3777.81574794458,4541.91451390716,2249.61821601944,1485.51945005687,0.253540319323565
"structural_epifauna","Sea pens",1991,"299","Western Aleutians","Western Aleutians",7.25949812922309,3.25188159412419,16.2060983965153,1.98231069824105,0.409740650197574,NA,NA,NA,NA,NA,NA,0,0,0,0,0,0,NA
"structural_epifauna","Sea pens",1991,"3499","Central Aleutians","Central Aleutians",1.00943249808179,0.143390727366538,7.1061357097309,0.00938828985037519,0.995717431987202,NA,NA,NA,NA,NA,NA,0,0,0,0,0,0,NA
"structural_epifauna","Sea pens",1991,"5699","Eastern Aleutians","Eastern Aleutians",34.5569223725881,12.6763588059967,94.2053551923886,3.54260788825142,0.511677331217128,35.1460339448515,0.656811575085057,3.55951177959622,0.598877279531298,10.8670348448179,113.668882054031,35.1460339448515,532.88591819736,58.2303558581622,81.314677771473,12.0617120315407,0,0.656811575085057
"structural_epifauna","Sea pens",1991,"799","Southern Bering Sea","Southern Bering Sea",8.7613728239076,2.01878463043688,38.0236963379768,2.17035260772772,0.748920366429343,NA,NA,NA,NA,NA,NA,0,0,0,0,0,0,NA
"structural_epifauna","Sea pens",1991,"99904","All","AI Region: All Strata",51.5872258238006,24.9494876361433,106.665191165712,NA,NA,NA,NA,NA,NA,NA,NA,35.1460339448515,532.88591819736,58.2303558581622,81.314677771473,12.0617120315407,0,0.656811575085057
"structural_epifauna","Sea pens",1994,"299","Western Aleutians","Western Aleutians",7.25949429757603,3.88131785575172,13.577928789945,1.98231017042935,0.319462717610116,9.8155473016504,0.585268258424213,2.28396758793135,0.542736168257856,3.38794737883583,28.4375635326551,9.8155473016504,33.0019029503377,15.5602755763678,21.3050038510852,4.07081902693299,0,0.585268258424213
"structural_epifauna","Sea pens",1994,"3499","Central Aleutians","Central Aleutians",1.00942791674239,0.240001554345405,4.24557550003383,0.00938375131035035,0.732918381084123,1.88359798151411,0.876039413853815,0.633183767776,0.754675447999579,0.429148214953474,8.26740327079929,1.88359798151411,2.7228500477353,3.53370405317596,5.18381012483781,0.23349190985226,0,0.876039413853815
"structural_epifauna","Sea pens",1994,"5699","Eastern Aleutians","Eastern Aleutians",33.1954130329181,17.5332102775913,62.8484703588128,3.50241170471815,0.325676847682151,32.754109666486,0.373619067888969,3.48902844020812,0.361482514829984,16.1276587062852,66.5212303647083,32.754109666486,149.757872872089,44.9916695896115,57.2292295127371,20.5165497433604,8.27898982023489,0.373619067888969
"structural_epifauna","Sea pens",1994,"799","Southern Bering Sea","Southern Bering Sea",8.76134583261772,3.92908941420358,19.5366337353479,2.1703495270083,0.409161512925789,10.6538326810118,0.504115523734093,2.36591970356689,0.475861395396536,4.19229579769555,27.0744614102343,10.6538326810118,28.8450892058592,16.0245951227755,21.3953575645392,5.28307023924815,0,0.504115523734093
"structural_epifauna","Sea pens",1994,"99904","All","AI Region: All Strata",50.2256810798543,31.8813723541414,79.1251710219287,NA,NA,NA,NA,NA,NA,NA,NA,55.1070876306623,214.327715076021,69.7470232547018,84.3869588787413,40.4671520066228,25.8272163825833,0.265663388385882
"structural_epifauna","Sea pens",1997,"299","Western Aleutians","Western Aleutians",6.78621352519215,4.0585403674562,11.3471075411197,1.91489313141257,0.262285298046226,4.79519903456781,0.419929252683793,1.5676152162472,0.402999273028876,2.17657198523778,10.5642882188471,4.79519903456781,4.054763556431,6.80884338162391,8.82248772868002,2.7815546875117,0.767910340455598,0.419929252683793
"structural_epifauna","Sea pens",1997,"3499","Central Aleutians","Central Aleutians",0.613739396199079,0.164865741869091,2.28474419352629,-0.488184877091367,0.670644437970307,NA,NA,NA,NA,NA,NA,0,0,0,0,0,0,NA
"structural_epifauna","Sea pens",1997,"5699","Eastern Aleutians","Eastern Aleutians",34.7977672832179,16.0185396033331,75.5926968301796,3.54955322619396,0.395826890529234,31.5814374646176,0.500934917234924,3.45256952598719,0.473172171912507,12.4930077844206,79.8356336234213,31.5814374646176,250.28014434535,47.4016822271158,63.2219269896139,15.7611927021195,0,0.500934917234924
"structural_epifauna","Sea pens",1997,"799","Southern Bering Sea","Southern Bering Sea",6.23715621134044,2.77792589686491,14.0040156033559,1.83052434314031,0.412670733002463,4.20520118760309,0.591968411481913,1.43632213713248,0.548106324243154,1.43627575468738,12.3122018668814,4.20520118760309,6.19684483696336,6.69454745459034,9.18389372157759,1.71585492061584,0,0.591968411481913
"structural_epifauna","Sea pens",1997,"99904","All","AI Region: All Strata",48.4348764159495,27.3413255726078,85.8018843014182,NA,NA,NA,NA,NA,NA,NA,NA,40.5818376867885,260.531752738745,56.7228337136372,72.8638297404859,24.4408416599398,8.29984563309117,0.397739406269012
"structural_epifauna","Sea pens",2000,"299","Western Aleutians","Western Aleutians",7.302686598361,4.32266556838474,12.3371171584317,1.9882423076217,0.267540664046747,9.51555837859035,0.556644514077367,2.25292818306099,0.519533449368087,3.43721425436862,26.3428010463064,9.51555837859035,28.0559140668573,14.8123417484156,20.1091251182408,4.21877500876511,0,0.556644514077367
"structural_epifauna","Sea pens",2000,"3499","Central Aleutians","Central Aleutians",0.373157944415102,0.134632989881399,1.03426991855985,-0.985753505493084,0.520136746720564,0.301495392899679,1,-1.19900054352973,0.832554611157698,0.0589669833139732,1.54153166452033,0.301495392899679,0.0908994719397319,0.602990785799358,0.904486178699037,0,0,1
"structural_epifauna","Sea pens",2000,"5699","Eastern Aleutians","Eastern Aleutians",52.777018593035,20.3573725961938,136.825795097465,3.96607584204194,0.486046026120588,66.0323593226321,0.609760394683405,4.19014491463935,0.562253846145169,21.9364058900762,198.768772768092,66.0323593226321,1621.1830510331,106.296276805077,146.560194287521,25.7684418401875,0,0.609760394683405
"structural_epifauna","Sea pens",2000,"799","Southern Bering Sea","Southern Bering Sea",7.44093029446014,3.78637657486104,14.622804296492,2.00699588060618,0.344693256098739,6.93265453469348,0.506857750756246,1.93624278959631,0.478175882445316,2.71566071683065,17.6979762602661,6.93265453469348,12.3472801577143,10.4465242189183,13.9603939031431,3.41878485046866,0,0.506857750756246
"structural_epifauna","Sea pens",2000,"99904","All","AI Region: All Strata",67.8937934302712,32.1872733854732,143.210862602383,NA,NA,NA,NA,NA,NA,NA,NA,82.7820676288156,1661.67714472962,123.545741956943,164.30941628507,42.0183933006884,1.25471897256118,0.492421553311599
"structural_epifauna","Sea pens",2002,"299","Western Aleutians","Western Aleutians",7.34562376972337,4.24695585292004,12.7051446812722,1.9941047304207,0.279547113289412,12.6562974476942,1,2.5381549132534,0.832554611157698,2.47534024728263,64.7110494245608,12.6562974476942,160.181865084511,25.3125948953884,37.9688923430826,1.77635683940025e-15,0,1
"structural_epifauna","Sea pens",2002,"3499","Central Aleutians","Central Aleutians",0.293965501452793,0.109840757136268,0.786736347212035,-1.22429286052587,0.502269823171286,0.165352966996209,0.720201986467236,-1.79967289598258,0.646412186327576,0.0465784402563172,0.587001272348124,0.165352966996209,0.0141818410635717,0.284440502295129,0.40352803759405,0.0462654316972878,0,0.720201986467236
"structural_epifauna","Sea pens",2002,"5699","Eastern Aleutians","Eastern Aleutians",46.5635411068693,13.7963919204377,157.154375790038,3.84081785523197,0.620629134968695,233.945456324802,0.95826282559202,5.45508799555834,0.80710749558708,48.0953920215746,1137.95676123128,233.945456324802,50257.2256832413,458.12669033702,682.307924349239,9.76422231258263,0,0.95826282559202
"structural_epifauna","Sea pens",2002,"799","Southern Bering Sea","Southern Bering Sea",9.07762237217423,5.17593929929105,15.9204393960116,2.20581230503887,0.286633570657326,8.19666448571518,0.365389633792203,2.1037273014821,0.354003738091574,4.09551603168816,16.4046015621848,8.19666448571518,8.96988264673542,11.1916407204682,14.1866169552212,5.20168825096216,2.20671201620913,0.365389633792203
"structural_epifauna","Sea pens",2002,"99904","All","AI Region: All Strata",63.2807527502197,25.7037309247402,155.792701081386,NA,NA,NA,NA,NA,NA,NA,NA,254.963771225207,50426.3916128136,479.521985532352,704.080199839497,30.4055569180623,0,0.880745578981865
"structural_epifauna","Sea pens",2004,"299","Western Aleutians","Western Aleutians",7.13862444704347,4.22200349040935,12.0700892625235,1.96552010331553,0.267969376638105,7.44224869930866,0.628187477680169,2.00717304770906,0.576733580877791,2.40318754647225,23.0473338560974,7.44224869930866,21.8568165679662,12.1173761379959,16.7925035766831,2.76712126062144,0,0.628187477680169
"structural_epifauna","Sea pens",2004,"3499","Central Aleutians","Central Aleutians",0.351410221850448,0.157073796321043,0.786185518611787,-1.04580101472095,0.410843533573782,0.311780183538441,0.623841485170012,-1.16545687941845,0.573334412263688,0.101350377786013,0.959117123889785,0.311780183538441,0.0378307995598785,0.50628159628364,0.70078300902884,0.117278770793241,0,0.623841485170012
"structural_epifauna","Sea pens",2004,"5699","Eastern Aleutians","Eastern Aleutians",10.0422534590815,2.20560026993175,45.7230876833154,2.30680153719456,0.773382493779906,1.28955749211147,1,0.254299130154595,0.832554611157698,0.252213854375707,6.5934463813539,1.28955749211147,1.66295852546083,2.57911498422294,3.86867247633441,0,0,1
"structural_epifauna","Sea pens",2004,"799","Southern Bering Sea","Southern Bering Sea",13.7125195549707,5.91636817360498,31.7818612750196,2.6183092516693,0.428878531366187,19.5037373326917,0.837836949115835,2.97060610529239,0.729237167374718,4.67078672481363,81.4414770689002,19.5037373326917,267.026705180182,35.8446891158708,52.1856408990498,3.16278554951268,0,0.837836949115835
"structural_epifauna","Sea pens",2004,"99904","All","AI Region: All Strata",31.2448076829461,16.7603265535602,58.2469562287208,NA,NA,NA,NA,NA,NA,NA,NA,28.5473237076503,290.584311073169,45.5938574043632,62.6403911010762,11.5007900109374,0,0.597132462268072
"structural_epifauna","Sea pens",2006,"299","Western Aleutians","Western Aleutians",6.8994358006378,4.09511525496179,11.624145207988,1.93143964023652,0.266150185489331,3.69185514506634,0.643256855862543,1.3061290810568,0.588444161913869,1.16509160728947,11.698474460615,3.69185514506634,5.63972791701859,6.06666627798167,8.441477410897,1.31704401215101,0,0.643256855862543
"structural_epifauna","Sea pens",2006,"3499","Central Aleutians","Central Aleutians",0.469040469549332,0.202763070988633,1.08500508007886,-0.757066225240775,0.427890971945271,0.526157403676459,0.719795063788128,-0.642154864476548,0.646113614599006,0.148300556248637,1.86676045219552,0.526157403676459,0.143433005821139,0.904882905618352,1.28360840756024,0.147431901734567,0,0.719795063788128
"structural_epifauna","Sea pens",2006,"5699","Eastern Aleutians","Eastern Aleutians",11.6599712522196,3.41631525654099,39.7957797783107,2.45616171541499,0.626337608861964,8.35670353306631,0.89905440145205,2.1230640351078,0.769666501204224,1.84881596013537,37.7725503486294,8.35670353306631,56.4471388211016,15.8698346260995,23.3829657191326,0.843572440033149,0,0.89905440145205
"structural_epifauna","Sea pens",2006,"799","Southern Bering Sea","Southern Bering Sea",17.4097461638123,6.45287027341223,46.9712311957112,2.85703017376642,0.506389477634507,37.379744780718,0.633486708250253,3.62112897430796,0.580865076891161,11.9730027416915,116.699657555931,37.379744780718,560.722105304594,61.0593162570897,84.7388877334613,13.7001733043464,0,0.633486708250253
"structural_epifauna","Sea pens",2006,"99904","All","AI Region: All Strata",36.4381936862191,19.5284939611379,67.9899823179733,NA,NA,NA,NA,NA,NA,NA,NA,49.9544608625271,622.952405048535,74.9134753672814,99.8724898720357,24.9954463577728,0.0364318530185486,0.499635349352295
"structural_epifauna","Sea pens",2010,"299","Western Aleutians","Western Aleutians",7.55181294201889,3.74012747059021,15.2481109693955,2.02178765920631,0.358510651653666,18.6700198474686,0.591857973760486,2.92691902062048,0.548017996796021,6.37780174571063,54.6535710896472,18.6700198474686,122.102502585497,29.7200199644594,40.7700200814502,7.62001973047778,0,0.591857973760486
"structural_epifauna","Sea pens",2010,"3499","Central Aleutians","Central Aleutians",0.707282977451234,0.264116815083862,1.89404529216909,-0.34632444217278,0.50258033204725,1.30528907107046,0.792226705232113,0.266424526643671,0.697940371354281,0.332367676148282,5.12618910118041,1.30528907107046,1.06933149799069,2.3393739312201,3.37345879136973,0.271204210920824,0,0.792226705232113
"structural_epifauna","Sea pens",2010,"5699","Eastern Aleutians","Eastern Aleutians",29.7909251376216,9.36641890741328,94.7533128005779,3.39420382155086,0.590354207792488,65.9108479718392,0.986372746430336,4.18830304058404,0.824330245164257,13.1004351694195,331.610349136165,65.9108479718392,4226.64649773988,130.923512105375,195.93617623891,0.898183838303822,0,0.986372746430336
"structural_epifauna","Sea pens",2010,"799","Southern Bering Sea","Southern Bering Sea",8.55389386202763,3.88951066936589,18.8119037130094,2.14638660173471,0.402100880511106,7.75872540080207,0.736023907503408,2.04881806823025,0.657955876910367,2.13666936699838,28.1736710297007,7.75872540080207,32.6110367255384,13.4693327875464,19.1799401742906,2.04811801405779,0,0.736023907503408
"structural_epifauna","Sea pens",2010,"99904","All","AI Region: All Strata",46.6039149191194,21.7438283329541,99.8869588432521,NA,NA,NA,NA,NA,NA,NA,NA,93.6448822911804,4382.42936854891,159.844801993163,226.044721695145,27.444962589198,0,0.706925120543583
"structural_epifauna","Sea pens",2012,"299","Western Aleutians","Western Aleutians",6.92191127217555,3.71742576465382,12.8887188859124,1.93469192689574,0.317179551157515,5.61102705809897,0.740078413995596,1.72473377908816,0.66089358737667,1.5363448945097,20.4925500512476,5.61102705809897,17.2440868101988,9.76362706414323,13.9162270701875,1.45842705205471,0,0.740078413995596
"structural_epifauna","Sea pens",2012,"3499","Central Aleutians","Central Aleutians",0.593384302301654,0.273161253172714,1.28900027411791,-0.521913025297951,0.395813376181189,0.746910017861962,0.582228037179982,-0.291810559121085,0.540291787374696,0.259042534857273,2.15360220702725,0.746910017861962,0.189113616071224,1.1817819715118,1.61665392516163,0.312038064212127,0,0.582228037179982
"structural_epifauna","Sea pens",2012,"5699","Eastern Aleutians","Eastern Aleutians",24.5050033237019,9.39377371897509,63.9248086934073,3.19887731399512,0.489208078346455,21.509060587838,0.829793099622607,3.06847426905015,0.723791457644325,5.20629817269884,88.8615426979015,21.509060587838,318.553604693633,39.3571306429905,57.205200698143,3.66099053268544,0,0.829793099622607
"structural_epifauna","Sea pens",2012,"799","Southern Bering Sea","Southern Bering Sea",6.36099545465585,2.94045645060314,13.7605381524535,1.85018488313201,0.393690937492489,3.54637959156723,0.394427450236894,1.26592724974211,0.380258249790653,1.68309569830184,7.47242608971906,3.54637959156723,1.95661195305466,4.94516905144125,6.34395851131528,2.14759013169321,0.748800671819188,0.394427450236894
"structural_epifauna","Sea pens",2012,"99904","All","AI Region: All Strata",38.3812943528349,20.3299651915267,72.4607121714569,NA,NA,NA,NA,NA,NA,NA,NA,31.4133772553661,337.943417072957,49.7966146490614,68.1798520427567,13.0301398616708,0,0.585204107290152
"structural_epifauna","Sea pens",2014,"299","Western Aleutians","Western Aleutians",6.47981905801863,3.53859875096864,11.8657293407928,1.86869258682905,0.30865963654308,24.0456879159051,0.78588367376273,3.17995568384024,0.693506811622363,6.17622541146747,93.6162573139839,24.0456879159051,357.100900805186,42.9428014734087,61.8399150309123,5.14857435840152,0,0.78588367376273
"structural_epifauna","Sea pens",2014,"3499","Central Aleutians","Central Aleutians",0.392104725956743,0.129296036948238,1.18910153587431,-0.936226316819117,0.566043221027643,0.116080705712968,0.972116411627639,-2.15346959088499,0.815639186046811,0.0234685742221011,0.57416058220235,0.116080705712968,0.0127337591046615,0.228924664809862,0.341768623906756,0.00323674661607362,0,0.972116411627639
"structural_epifauna","Sea pens",2014,"5699","Eastern Aleutians","Eastern Aleutians",23.2210627574789,10.4150020986626,51.773177813955,3.14505974427831,0.409095511134971,19.6730071307035,0.545963962571696,2.97924749975548,0.510767723838207,7.22943695239138,53.534903494343,19.6730071307035,115.363773477098,30.4137600594836,41.1545129882637,8.93225420192337,0,0.545963962571696
"structural_epifauna","Sea pens",2014,"799","Southern Bering Sea","Southern Bering Sea",13.6519907592348,6.72884631575686,27.6981882100348,2.61388535416427,0.360966658005149,22.8932940656672,0.547849298758492,3.1308440321151,0.512319304387763,8.38728314091006,62.48780497474,22.8932940656672,157.303647817745,35.4353691658149,47.9774442659626,10.3512189655195,0,0.547849298758492
"structural_epifauna","Sea pens",2014,"99904","All","AI Region: All Strata",43.7449773006891,26.8559966143167,71.254962774968,NA,NA,NA,NA,NA,NA,NA,NA,66.7280698179887,629.781055859134,91.8235087633257,116.918947708663,41.6326308726518,16.5371919273149,0.376085191940793
"structural_epifauna","Sea pens",2016,"299","Western Aleutians","Western Aleutians",5.38188848539794,3.23986738189134,8.94009545920062,1.68303933217142,0.258936867576687,3.39311814406271,0.580520720657242,1.22174930513775,0.538916987661238,1.17997283693369,9.75721675889266,3.39311814406271,3.88001508809933,5.36289353432915,7.3326689245956,1.42334275379626,0,0.580520720657242
"structural_epifauna","Sea pens",2016,"3499","Central Aleutians","Central Aleutians",0.450946503432868,0.145996594723211,1.39285953445598,-0.796406564180571,0.5754010920989,NA,NA,NA,NA,NA,NA,0,0,0,0,0,0,NA
"structural_epifauna","Sea pens",2016,"5699","Eastern Aleutians","Eastern Aleutians",31.5812250082992,13.3440887890412,74.7427410587907,3.45256279871161,0.439543433480241,41.3218200273426,0.659671626634448,3.72139069040972,0.601066534043824,12.7218620066761,134.21720888625,41.3218200273426,743.043934703188,68.5806522602756,95.8394844932087,14.0629877944096,0,0.659671626634448
"structural_epifauna","Sea pens",2016,"799","Southern Bering Sea","Southern Bering Sea",17.4779454000633,8.32148409825252,36.7096267685886,2.86093982327687,0.378629001864753,24.413472214436,0.575136129470604,3.19513511986189,0.534571243443433,8.56252167988035,69.6077216324629,24.413472214436,197.151644395797,38.4545421307849,52.4956120471338,10.3724022980872,0,0.575136129470604
"structural_epifauna","Sea pens",2016,"99904","All","AI Region: All Strata",54.8920053971933,31.6251926327514,95.2763289544384,NA,NA,NA,NA,NA,NA,NA,NA,69.1284103858414,944.075594187084,99.8542235433004,130.580036700759,38.4025972283823,7.67678407092324,0.444474464058445
"structural_epifauna","Sea pens",2018,"299","Western Aleutians","Western Aleutians",4.79269012928607,2.74031045479979,8.3822176553475,1.56709186740657,0.28521985769285,3.95382501083024,0.63212858266647,1.3746834675299,0.579807612938368,1.26906629362699,12.3182943986231,3.95382501083024,6.24662945558217,6.4531508110376,8.95247661124496,1.45449921062288,0,0.63212858266647
"structural_epifauna","Sea pens",2018,"3499","Central Aleutians","Central Aleutians",0.518618459550941,0.218090389692287,1.23327353840069,-0.656586811542024,0.441976927027182,0.498343820887319,0.597177825673591,-0.696465036788074,0.552265616634581,0.168826156156317,1.47101947631046,0.498343820887319,0.0885656882161319,0.795943700282677,1.09354357967804,0.20074394149196,0,0.597177825673591
"structural_epifauna","Sea pens",2018,"5699","Eastern Aleutians","Eastern Aleutians",28.1361226736001,11.5587852197141,68.4882869658037,3.33705425518493,0.453890219044545,22.89841126356,0.600160658719674,3.13106753101637,0.554640844485212,7.72136723604544,67.9073048031418,22.89841126356,188.86250657531,36.6411368511321,50.3838624387043,9.15568567598782,0,0.600160658719674
"structural_epifauna","Sea pens",2018,"799","Southern Bering Sea","Southern Bering Sea",16.464850939328,7.65062926849176,35.4338586984928,2.8012278626035,0.39104798193967,11.0009677081416,0.631904406100257,2.39798324239635,0.579632972693355,3.53220913210995,34.2622098491894,11.0009677081416,48.3241859628589,17.9525276742829,24.9040876404243,4.04940774200028,0,0.631904406100257
"structural_epifauna","Sea pens",2018,"99904","All","AI Region: All Strata",49.9122822017651,28.3896385284903,87.7515897952898,NA,NA,NA,NA,NA,NA,NA,NA,38.3515478034191,243.521887681967,53.9567356485547,69.5619234936903,22.7463599582836,7.14117211314797,0.406898514894993
"structural_epifauna","Sea pens",2022,"299","Western Aleutians","Western Aleutians",3.99656026559877,1.99677943058669,7.99912785152733,1.38543405756458,0.354036331833953,4.13402555925469,0.711833726949425,1.41925164393391,0.640255139655123,1.17865579137864,14.4997101355445,4.13402555925469,8.65971176949417,7.07676438040314,10.0195032015516,1.19128673810624,0,0.711833726949425
"structural_epifauna","Sea pens",2022,"3499","Central Aleutians","Central Aleutians",0.742485885859823,0.330755919757858,1.66674353433987,-0.297751417428954,0.41257041818812,0.460333866903047,0.55585761143675,-0.77580325514739,0.518889621018679,0.166491965780635,1.27277774650769,0.460333866903047,0.0654746172446415,0.716213950623217,0.972094034343388,0.204453783182876,0,0.55585761143675
"structural_epifauna","Sea pens",2022,"5699","Eastern Aleutians","Eastern Aleutians",47.8159616786126,17.9806958411038,127.156713591914,3.86735951008723,0.499019772132242,30.5614504051445,0.669006203632373,3.41973942407341,0.608182378329987,9.27872241492134,100.660652307489,30.5614504051445,418.030734084261,51.0072503181893,71.453050231234,10.1156504920997,0,0.669006203632373
"structural_epifauna","Sea pens",2022,"799","Southern Bering Sea","Southern Bering Sea",27.4254435274175,11.3727956712951,66.1363286930406,3.31147117840673,0.449113874760472,41.1914747174018,0.718915506501566,3.71823131060878,0.64546796780671,11.6247604002911,145.958929988085,41.1914747174018,876.941016646163,70.8046646274092,100.417854537417,11.5782848073944,0,0.718915506501566
"structural_epifauna","Sea pens",2022,"99904","All","AI Region: All Strata",79.9804513574887,41.3796008610894,154.590002470585,NA,NA,NA,NA,NA,NA,NA,NA,76.347284548704,1303.69693711716,112.454028200232,148.56077185176,40.240540897176,4.13379724564788,0.472927673393473
"structural_epifauna","Sea pens",2024,"299","Western Aleutians","Western Aleutians",3.63636515494069,1.6126561374046,8.19961009254467,1.29098459892417,0.414855584561495,1.18744540440899,0.708552673281341,0.171804280635235,0.637831303537366,0.340165810430863,4.14511554428725,1.18744540440899,0.707899464697608,2.02881302007863,2.87018063574827,0.346077788739358,0,0.708552673281341
"structural_epifauna","Sea pens",2024,"3499","Central Aleutians","Central Aleutians",1.52103091858431,0.484278129187766,4.77728585259403,0.419388340870881,0.583931255945609,7.08745848970242,1,1.95832681220461,0.832554611157698,1.3861772230789,36.2378395827931,7.08745848970242,50.2320678432549,14.1749169794048,21.2623754691073,0,0,1
"structural_epifauna","Sea pens",2024,"5699","Eastern Aleutians","Eastern Aleutians",124.023978637226,43.2357162879778,355.769456311385,4.82047492301695,0.537667024361909,205.553397220412,0.814574110707401,5.32570584067222,0.713402019054011,50.7780196466304,832.096237759765,205.553397220412,28035.6431593745,372.991872964115,540.430348707817,38.1149214767098,0,0.814574110707401
"structural_epifauna","Sea pens",2024,"799","Southern Bering Sea","Southern Bering Sea",27.3986559450802,11.6537887321893,64.4156475501725,3.31049395909162,0.436162411977874,37.4224721184927,0.746050356420293,3.62227138276035,0.665205426903641,10.1603481033955,137.833999899212,37.4224721184927,779.473278198382,65.3415207806227,93.2605694427527,9.50342345636275,0,0.746050356420293
"structural_epifauna","Sea pens",2024,"99904","All","AI Region: All Strata",156.580030655831,67.0397628398301,365.712898757672,NA,NA,NA,NA,NA,NA,NA,NA,251.250773233016,28866.0564048808,421.150909798238,591.051046363459,81.3506366677953,0,0.67621736792687
"structural_epifauna","Sea pens",2026,"299","Western Aleutians","Western Aleutians",3.73320981404854,1.73796765909947,8.01905342872127,1.31726840356289,0.390084711268465,4.45076655331702,0.584111554389087,1.4930763405156,0.541806724550198,1.53903357974402,12.8712740078226,4.45076655331702,6.75866974779015,7.05051072299798,9.65025489267894,1.85102238363605,0,0.584111554389087
"structural_epifauna","Sea pens",2026,"3499","Central Aleutians","Central Aleutians",1.59062444664191,0.544922465603759,4.64302041108106,0.46412667286948,0.546560263711994,1.6890310119474,0.708054081485298,0.524154998786409,0.637462493418648,0.484204214819044,5.89178216960838,1.6890310119474,1.43023732740075,2.884956313712,4.08088161547661,0.493105710182802,0,0.708054081485298
"structural_epifauna","Sea pens",2026,"5699","Eastern Aleutians","Eastern Aleutians",182.956027442848,53.4254025655307,626.535437643375,5.20924583677028,0.628052102054144,257.718003555405,0.806460957507688,5.55186597767597,0.707817155578058,64.3649895723425,1031.90522981338,257.718003555405,43197.2610500423,465.557511469666,673.397019383927,49.8784956411434,0,0.806460957507688
"structural_epifauna","Sea pens",2026,"799","Southern Bering Sea","Southern Bering Sea",22.7529667132858,8.96078580577856,57.7736713583805,3.12469554187456,0.475436091961746,17.0669360313153,0.707642136811784,2.83714302633768,0.63715768053809,4.8956003793302,59.4983828187503,17.0669360313153,145.860766643487,29.1442191133452,41.2215021953752,4.98965294928531,0,0.707642136811784
"structural_epifauna","Sea pens",2026,"99904","All","AI Region: All Strata",211.032828416824,72.2398888759313,616.485647508282,NA,NA,NA,NA,NA,NA,NA,NA,280.924737151984,43351.310723761,489.134512916143,697.344288680301,72.7149613878263,0,0.741158567504554
"forage_fish","Myctophids",1991,"299","Western Aleutians","Western Aleutians",6.38949208768859,5.01136340698293,8.14660718513209,1.85465477973556,0.123954708584122,5.24432085029051,0.788321520854274,1.6571457482957,0.69521314466364,1.34252614648288,20.4859333673637,5.24432085029051,17.0917004978376,9.3785318388393,13.5127428273881,1.11010986174171,0,0.788321520854274
"forage_fish","Myctophids",1991,"3499","Central Aleutians","Central Aleutians",4.81657087439962,2.49110256288882,9.3128863234003,1.57206223802467,0.336402522910266,3.013577131707,0.389792273950224,1.10312778900315,0.376092749188567,1.44195458764203,6.2981505843386,3.013577131707,1.37984745430342,4.18824621459946,5.36291529749193,1.83890804881453,0.66423896592207,0.389792273950224
"forage_fish","Myctophids",1991,"5699","Eastern Aleutians","Eastern Aleutians",18.5582895283901,8.93010330294593,38.5673153529967,2.92091656408044,0.373215327908973,23.4969629489205,0.514280929930041,3.15687117658225,0.484422156511877,9.0922390365086,60.7229160612732,23.4969629489205,146.02402165585,35.5810029048231,47.6650428607256,11.4129229930179,0,0.514280929930041
"forage_fish","Myctophids",1991,"799","Southern Bering Sea","Southern Bering Sea",0.929041353622807,0.205611723025702,4.19780460004903,-0.0736020270332887,0.769485415692351,0.732073869027656,1,-0.31187385614009,0.832554611157698,0.143180256269832,3.74305901997498,0.732073869027656,0.535932149713122,1.46414773805531,2.19622160708297,0,0,1
"forage_fish","Myctophids",1991,"99904","All","AI Region: All Strata",30.6933938441011,19.3896976557283,48.586854854376,NA,NA,NA,NA,NA,NA,NA,NA,32.4869347999457,165.031501757704,45.3333935243453,58.179852248745,19.640476075546,6.79401735114637,0.39543462020988
"forage_fish","Myctophids",1994,"299","Western Aleutians","Western Aleutians",6.38949209553017,5.01136352450558,8.14660701408014,1.85465478096282,0.123954697245153,6.74666636668101,0.290328870308925,1.90904851128688,0.284475274045219,3.86316663789225,11.7824342902638,6.74666636668101,3.83670949383431,8.70541839127072,10.6641704158604,4.78791434209129,2.82916231750158,0.290328870308925
"forage_fish","Myctophids",1994,"3499","Central Aleutians","Central Aleutians",7.31126651532855,4.07125804790254,13.1297543484633,1.98941651666515,0.298711847213699,14.0714589554025,0.459260339396027,2.64414855838758,0.437470513621366,5.96985182636096,33.1676502018435,14.0714589554025,41.7634282287141,20.5339219710579,26.9963849867133,7.60899593974708,1.14653292409166,0.459260339396027
"forage_fish","Myctophids",1994,"5699","Eastern Aleutians","Eastern Aleutians",14.8945584199241,8.46762104377818,26.1995511345587,2.7009959395307,0.288141181815325,11.6703031919168,0.373817824313416,2.45704742641657,0.36166277208344,5.74426185676711,23.7099178253538,11.6703031919168,19.0319938682809,16.032870540197,20.3954378884772,7.30773584363652,2.94516849535628,0.373817824313416
"forage_fish","Myctophids",1994,"799","Southern Bering Sea","Southern Bering Sea",3.10120068296292,2.22325726485363,4.32583571323353,1.13178935358802,0.169807200156798,3.14437856600393,0.172084055187299,1.1456162763527,0.170830113780765,2.24969669715983,4.39486646303349,3.14437856600393,0.292786412175522,3.68547598068591,4.22657339536789,2.60328115132195,2.06218373663997,0.172084055187299
"forage_fish","Myctophids",1994,"99904","All","AI Region: All Strata",31.6965177137457,23.3988955027073,42.936609339597,NA,NA,NA,NA,NA,NA,NA,NA,35.6328070800042,64.9249180030049,43.6904070950834,51.7480071101627,27.575207064925,19.5176070498457,0.226128690815405
"forage_fish","Myctophids",1997,"299","Western Aleutians","Western Aleutians",6.38949209047379,5.01136358681169,8.14660689989989,1.85465478017146,0.123954690497925,6.93522239442734,0.601604518772655,1.93661312166319,0.555788935385326,2.33330758494347,20.6133601804289,6.93522239442734,17.4077629467621,11.1074835256081,15.2797446567889,2.76296126324654,0,0.601604518772655
"forage_fish","Myctophids",1997,"3499","Central Aleutians","Central Aleutians",7.21452011798365,4.17647811146141,12.4624861291511,1.97609567829985,0.278896626821857,7.95551049475575,0.523969037962834,2.07386483254733,0.492532350882439,3.02986833141005,20.8887450903567,7.95551049475575,17.3759018747914,12.1239516751962,16.2923928556366,3.78706931431535,0,0.523969037962834
"forage_fish","Myctophids",1997,"5699","Eastern Aleutians","Eastern Aleutians",17.9752071591401,9.54194414414006,33.8618700270247,2.88899342838855,0.323116230702135,32.4399892441985,0.552769827851761,3.47939189768731,0.516360185725521,11.7910943521993,89.249807586132,32.4399892441985,321.551146515631,50.3718365142271,68.3036837842557,14.5081419741699,0,0.552769827851761
"forage_fish","Myctophids",1997,"799","Southern Bering Sea","Southern Bering Sea",1.96544634262159,0.50684967449273,7.62154840010649,0.675719365899701,0.691471984158859,2.72378258997837,0.933446578306133,1.00202157231879,0.791609378375569,0.577235875803943,12.8526169430071,2.72378258997837,6.46433441414285,5.2662881286435,7.80879366730862,0.181277051313243,0,0.933446578306133
"forage_fish","Myctophids",1997,"99904","All","AI Region: All Strata",33.5446657102191,23.1538242449949,48.5986498689775,NA,NA,NA,NA,NA,NA,NA,NA,50.05450472336,362.799145751328,69.1017918202493,88.1490789171387,31.0072176264706,11.9599305295813,0.380530927279362
"forage_fish","Myctophids",2000,"299","Western Aleutians","Western Aleutians",6.38949208032605,5.01136363333665,8.14660679839091,1.85465477858327,0.123954684950841,11.1387476386173,0.502023375369561,2.41042980794767,0.474093042415188,4.39832822337771,28.2088313230795,11.1387476386173,31.269476314406,16.7306593255456,22.322571012474,5.5468359516889,0,0.502023375369561
"forage_fish","Myctophids",2000,"3499","Central Aleutians","Central Aleutians",6.76687141539637,4.04437755461306,11.3220262288023,1.91203885535482,0.262612579077807,4.54729176402441,0.41960071308342,1.51453183905314,0.402708225200445,2.06522302165385,10.0124113329926,4.54729176402441,3.64064284584044,6.45533863080741,8.36338549759041,2.6392448972414,0.731198030458398,0.41960071308342
"forage_fish","Myctophids",2000,"5699","Eastern Aleutians","Eastern Aleutians",13.3655746672534,7.04587893692483,25.3536269619603,2.59268234659043,0.32665878234757,7.05647931232509,0.423344024589878,1.95394624614866,0.406021355743267,3.18406604943966,15.6384633710832,7.05647931232509,8.92407093329781,10.04379766384,13.0311160153549,4.06916096081017,1.08184260929525,0.423344024589878
"forage_fish","Myctophids",2000,"799","Southern Bering Sea","Southern Bering Sea",0.200626048741984,0.061674669529191,0.652631165129632,-1.60631255773714,0.601832189984216,0.109604729469212,0.664872202193936,-2.21087475330789,0.605036536900499,0.0334827608209615,0.358787520128821,0.109604729469212,0.00531049422055194,0.182477867322278,0.255351005175344,0.0367315916161466,0,0.664872202193936
"forage_fish","Myctophids",2000,"99904","All","AI Region: All Strata",26.7225642117178,18.8180827465418,37.9473003529337,NA,NA,NA,NA,NA,NA,NA,NA,22.852123444436,43.8395005877648,29.4732638739817,36.0944043035274,16.2309830148903,9.60984258534454,0.289738520170555
"forage_fish","Myctophids",2002,"299","Western Aleutians","Western Aleutians",6.38949204192781,5.01136362916074,8.1466067072638,1.85465477257368,0.12395468230982,2.71980381156686,0.500646298986508,1.00055974960613,0.472927891833283,1.07641719504375,6.87218005014588,2.71980381156686,1.85411717191124,4.08146352379721,5.44312323602756,1.35814409933651,0,0.500646298986508
"forage_fish","Myctophids",2002,"3499","Central Aleutians","Central Aleutians",7.96490271725985,4.87131042400379,13.0231230969821,2.07504472950963,0.250862644204156,9.17753450788616,0.452597271793802,2.21675859643476,0.431683146575351,3.93800864863411,21.3882566440414,9.17753450788616,17.2534486556466,13.3312615879489,17.4849886680117,5.02380742782341,0.870080347760659,0.452597271793802
"forage_fish","Myctophids",2002,"5699","Eastern Aleutians","Eastern Aleutians",19.2998621623653,11.6070443592376,32.091260096706,2.96009795403898,0.259436281434097,20.8038709055291,0.405330045563099,3.03513907061995,0.390017384074779,9.68636323672945,44.6814799400453,20.8038709055291,71.1059421866479,29.236304847556,37.6687387895829,12.3714369635021,3.93900302147522,0.405330045563099
"forage_fish","Myctophids",2002,"799","Southern Bering Sea","Southern Bering Sea",2.08164331084715,0.967833956309027,4.47725443537869,0.733157635077307,0.390748187352342,2.41521286912373,0.42864834203236,0.881787427784724,0.410704774548276,1.07984861648646,5.40191755966753,2.41521286912373,1.07179845017514,3.45048986112884,4.48576685313395,1.37993587711862,0.344658885113517,0.42864834203236
"forage_fish","Myctophids",2002,"99904","All","AI Region: All Strata",35.7359002324001,26.416660085122,48.342771618555,NA,NA,NA,NA,NA,NA,NA,NA,35.1164220941058,91.2853064643809,44.6707565274602,54.2250909608146,25.5620876607515,16.0077532273971,0.272075965135355
"forage_fish","Myctophids",2004,"299","Western Aleutians","Western Aleutians",6.38949205238197,5.01136365171105,8.14660669726356,1.85465477420983,0.12395468084873,11.4281163780101,0.604902820004245,2.43607666790174,0.558407544303409,3.8252276902577,34.1422405473973,11.4281163780101,47.7881839821208,18.3410162024052,25.2539160268002,4.5152165536151,0,0.604902820004245
"forage_fish","Myctophids",2004,"3499","Central Aleutians","Central Aleutians",8.79539227371717,5.21019682768598,14.8476013108552,2.17422797909565,0.267153044314926,18.4373687020592,0.656958910170943,2.91437951283043,0.598990161898141,5.69951092436504,59.6431113417934,18.4373687020592,146.71492490397,30.5499623509838,42.6625559999085,6.32477505313453,0,0.656958910170943
"forage_fish","Myctophids",2004,"5699","Eastern Aleutians","Eastern Aleutians",25.934691086987,14.8643000823289,45.249907365437,3.25558149668508,0.283994568612812,37.1337295380815,0.344523284860717,3.61452570855491,0.334908918846235,19.2616541804059,71.5885487555943,37.1337295380815,163.671965783544,49.9271640176708,62.7205984972601,24.3402950584922,11.5468605789029,0.344523284860717
"forage_fish","Myctophids",2004,"799","Southern Bering Sea","Southern Bering Sea",2.75306755784627,1.1475122795598,6.60505435373042,1.01271576557833,0.446497695082363,2.67791363869253,0.518115150073225,0.985037998314534,0.487637578004558,1.02971895719522,6.96425117376554,2.67791363869253,1.92506641540225,4.06538126548685,5.45284889228116,1.29044601189821,0,0.518115150073225
"forage_fish","Myctophids",2004,"99904","All","AI Region: All Strata",43.8726429709324,30.8701933716814,62.351692394017,NA,NA,NA,NA,NA,NA,NA,NA,69.6771282568434,360.100141085037,88.6534329836609,107.629737710478,50.7008235300259,31.7245188032083,0.272346251941773
"forage_fish","Myctophids",2006,"299","Western Aleutians","Western Aleutians",6.38949203898229,5.01136364813642,8.14660666890536,1.85465477211269,0.123954680142677,1.79398930385835,0.439872555027282,0.584441801443996,0.420571039054089,0.786736196588418,4.09082184894292,1.79398930385835,0.622720883596947,2.58311596263813,3.37224262141792,1.00486264507856,0.215735986298777,0.439872555027282
"forage_fish","Myctophids",2006,"3499","Central Aleutians","Central Aleutians",8.16846212788933,4.99838688132669,13.3490614310055,2.10028065711319,0.25059920709882,6.17386268106759,0.34693874411443,1.82032468434697,0.337128843219118,3.18854370415921,11.9542286200935,6.17386268106759,4.58795907673922,8.31581484597212,10.4577670108767,4.03191051616305,1.88995835125852,0.34693874411443
"forage_fish","Myctophids",2006,"5699","Eastern Aleutians","Eastern Aleutians",21.8553029666678,12.6136338827392,37.8680935411066,3.08444359079837,0.280446636769677,20.8767312279345,0.416343851506713,3.03863520037287,0.399820284655423,9.53531087569588,45.7077815757746,20.8767312279345,75.5491027730552,29.5686299142432,38.2605286005519,12.1848325416258,3.49293385531705,0.416343851506713
"forage_fish","Myctophids",2006,"799","Southern Bering Sea","Southern Bering Sea",4.77971284237558,2.63691678842317,8.66377541978917,1.56438046988198,0.303459718186284,5.01591195774287,0.318626633705486,1.61261525089246,0.310956115328889,2.72686463565762,9.22648394013898,5.01591195774287,2.55425328328631,6.61411509980158,8.21231824186028,3.41770881568417,1.81950567362546,0.318626633705486
"forage_fish","Myctophids",2006,"99904","All","AI Region: All Strata",41.192969975915,29.9913283026261,56.5783802009214,NA,NA,NA,NA,NA,NA,NA,NA,33.8604951706033,83.3140360166777,42.9881474435965,52.1157997165897,24.7328428976101,15.6051906246169,0.269566414401333
"forage_fish","Myctophids",2010,"299","Western Aleutians","Western Aleutians",6.38949219592027,5.01136375698247,8.14660689215438,1.85465479667457,0.123954681592724,13.4324329416248,0.322788432772232,2.59767215136008,0.314824050821095,7.2472953948749,24.8962191963146,13.4324329416248,18.7994562808351,17.7682669191699,22.1041008967151,9.09659896407962,4.76076498653446,0.322788432772232
"forage_fish","Myctophids",2010,"3499","Central Aleutians","Central Aleutians",10.6529148709192,6.2474590238898,18.1649203000923,2.36583355150722,0.272279863718079,13.3184916680125,0.502216248333596,2.58915342056312,0.474256157068574,5.25735702248423,33.7398087199149,13.3184916680125,44.7395493862082,20.007254586984,26.6960175059555,6.62972874904103,0,0.502216248333596
"forage_fish","Myctophids",2010,"5699","Eastern Aleutians","Eastern Aleutians",16.8733442494905,9.50643984490997,29.9491450855028,2.82573511339594,0.292742963931711,18.0200593760571,0.472663494812508,2.89148554718348,0.449046410460475,7.47355474396337,43.4495432282625,18.0200593760571,72.5465157082619,26.5374836174731,35.0549078588892,9.50263513464104,0.985210893224981,0.472663494812508
"forage_fish","Myctophids",2010,"799","Southern Bering Sea","Southern Bering Sea",1.39843836857439,0.382878236169981,5.10770706181586,0.335356163024422,0.660927667456489,1.18477425914006,0.874806014577718,0.169552257823949,0.753865020707551,0.270361309297872,5.19190430304644,1.18477425914006,1.07422372665625,2.22122190695265,3.25766955476524,0.148326611327476,0,0.874806014577718
"forage_fish","Myctophids",2010,"99904","All","AI Region: All Strata",35.3141896849043,25.5149921996997,48.8768322302713,NA,NA,NA,NA,NA,NA,NA,NA,45.9557582448345,137.159745101961,57.6672801400435,69.3788020352526,34.2442363496254,22.5327144544163,0.254843404667912
"forage_fish","Myctophids",2012,"299","Western Aleutians","Western Aleutians",6.38949217848613,5.01136371137354,8.14660692184038,1.85465479394601,0.123954684844078,7.64642633344001,0.651150824875052,2.03423839273623,0.594531735782795,2.38447172996413,24.5202469536531,7.64642633344001,24.790210117992,12.6254031478058,17.6043799621716,2.66744951907423,0,0.651150824875052
"forage_fish","Myctophids",2012,"3499","Central Aleutians","Central Aleutians",11.1929199705544,6.41028622795235,19.5438164556427,2.41528143292663,0.284381506007665,7.6207003130771,0.595044047209173,2.03086827007888,0.550563665888013,2.5903249048765,22.4199957126622,7.6207003130771,20.5630719975905,12.1553526699387,16.6900050268003,3.08604795621549,0,0.595044047209173
"forage_fish","Myctophids",2012,"5699","Eastern Aleutians","Eastern Aleutians",14.1375673164436,8.73206839861174,22.8892858487858,2.64883560298306,0.245837849587378,16.8874071497403,0.321337623794659,2.82656820510631,0.313476476343827,9.13547879289592,31.2172494410331,16.8874071497403,29.4475456795942,22.3139664352908,27.7405257208413,11.4608478641898,6.03428857863936,0.321337623794659
"forage_fish","Myctophids",2012,"799","Southern Bering Sea","Southern Bering Sea",1.49613343022972,0.43093072788078,5.19437370377132,0.402884066905004,0.635058604491411,1.09113740922297,0.856682514628443,0.0872206468788774,0.741873338493505,0.254915189928586,4.67049784730107,1.09113740922297,0.873773153336391,2.02589574876126,2.96065408829956,0.15637906968467,0,0.856682514628443
"forage_fish","Myctophids",2012,"99904","All","AI Region: All Strata",33.2161128957138,24.9163896671139,44.2804985249134,NA,NA,NA,NA,NA,NA,NA,NA,33.2456712054804,75.6746009485131,41.9447861575036,50.6439011095267,24.5465562534572,15.847441301434,0.261661582894713
"forage_fish","Myctophids",2014,"299","Western Aleutians","Western Aleutians",6.38949215455239,5.01136365378398,8.14660695442847,1.85465479020021,0.123954688796191,4.40465997861596,0.636192610618899,1.48266306653733,0.582969099583246,1.40503839140306,13.8081846346187,4.40465997861596,7.85239282535408,7.20687210930022,10.0090842399845,1.60244784793169,0,0.636192610618899
"forage_fish","Myctophids",2014,"3499","Central Aleutians","Central Aleutians",13.0810177834474,7.64674696501129,22.37723139445,2.57116215519201,0.273924335017177,9.89078298828668,0.5564599503175,2.29160331219618,0.519382471456238,3.57381043007236,27.3734687487048,9.89078298828668,30.2920853405386,15.3946075985499,20.898432208813,4.3869583780235,0,0.5564599503175
"forage_fish","Myctophids",2014,"5699","Eastern Aleutians","Eastern Aleutians",9.09944007072887,5.18535251965344,15.9680193944307,2.20821288094058,0.286931319985885,6.72260813086742,0.450922557752644,1.90547619395044,0.430225140872345,2.89287382919379,15.6223405338765,6.72260813086742,9.18923835044669,9.75398378400688,12.7853594371463,3.69123247772796,0.659856824588497,0.450922557752644
"forage_fish","Myctophids",2014,"799","Southern Bering Sea","Southern Bering Sea",6.11791504196505,1.80368992031228,20.7512854838276,1.81122135906234,0.623168000206869,12.4013168898491,0.732677050457756,2.51780266776637,0.655524616318521,3.43150187166441,44.8178862650192,12.4013168898491,82.5583086455993,21.4874771704956,30.5736374511422,3.31515660920251,0,0.732677050457756
"forage_fish","Myctophids",2014,"99904","All","AI Region: All Strata",34.6878650506937,24.853081641844,48.4144380610444,NA,NA,NA,NA,NA,NA,NA,NA,33.4193679876191,129.892025161939,44.8163862451257,56.2134045026323,22.0223497301125,10.6253314726059,0.341030334916233
"forage_fish","Myctophids",2016,"299","Western Aleutians","Western Aleutians",6.38949214462136,5.01136360019094,8.1466070162266,1.85465478864594,0.123954693459555,4.27859364104214,0.680760144682203,1.45362436705511,0.617078588778148,1.2765645921764,14.3403347212976,4.27859364104214,8.48379814052981,7.19128966715434,10.1039856932665,1.36589761492994,0,0.680760144682203
"forage_fish","Myctophids",2016,"3499","Central Aleutians","Central Aleutians",16.6767781227276,10.003582367527,27.8015333244504,2.81401722016332,0.26075680910431,17.2923008863142,0.566441692774114,2.85026136697289,0.527522659334487,6.14928585322205,48.6273816310138,17.2923008863142,95.943595850231,27.0873810723173,36.8824612583204,7.49722070031107,0,0.566441692774114
"forage_fish","Myctophids",2016,"5699","Eastern Aleutians","Eastern Aleutians",7.43409705256915,3.96035403168673,13.9547622623726,2.00607712701841,0.321303712095925,10.1079405658448,0.694183195993043,2.3133213095962,0.627151105411873,2.95685951406171,34.5537087564584,10.1079405658448,49.2349557976497,17.1247030527507,24.1414655396566,3.09117807893894,0,0.694183195993043
"forage_fish","Myctophids",2016,"799","Southern Bering Sea","Southern Bering Sea",0.535545994398425,0.16778276584535,1.70940984713864,-0.624468502216098,0.592162255881203,0.260786524772528,0.662640941207385,-1.34405311908151,0.603334953254891,0.0799328878646355,0.85083390979324,0.260786524772528,0.0298625454973864,0.433594353001999,0.606402181231471,0.0879786965430571,0,0.662640941207385
"forage_fish","Myctophids",2016,"99904","All","AI Region: All Strata",31.0359133143166,22.5836472321772,42.6515657701811,NA,NA,NA,NA,NA,NA,NA,NA,31.9396216179737,153.692212333908,44.3368879430112,56.7341542680486,19.5423552929362,7.14508896789877,0.388146937785294
"forage_fish","Myctophids",2018,"299","Western Aleutians","Western Aleutians",6.38949214816338,5.01136355085146,8.14660710546635,1.85465478920029,0.12395469876571,5.5714863020228,0.597309565165375,1.71766185892218,0.552370617875671,1.88708883333545,16.4493896976549,5.5714863020228,11.0749321235219,8.89938836240888,12.227290422795,2.24358424163672,0,0.597309565165375
"forage_fish","Myctophids",2018,"3499","Central Aleutians","Central Aleutians",21.0298231647021,12.6270714141452,35.0242307050879,3.04594158096324,0.260259142961947,27.309509626553,0.328886938844945,3.3072349795043,0.320479257933646,14.5720771883204,51.1807140742131,27.309509626553,80.6716717940659,36.2912506489865,45.2729916714201,18.3277686041194,9.34602758168584,0.328886938844945
"forage_fish","Myctophids",2018,"5699","Eastern Aleutians","Eastern Aleutians",5.41969536465413,2.67203106281156,10.9927980458231,1.69003960808858,0.36082332775313,3.04772851532419,0.431831702133916,1.11439656408192,0.413509100839001,1.35517909517438,6.85418564689777,3.04772851532419,1.73213445682704,4.3638343077387,5.67994010015322,1.73162272290967,0.415516930495153,0.431831702133916
"forage_fish","Myctophids",2018,"799","Southern Bering Sea","Southern Bering Sea",4.76441169768837,1.15403818943891,19.6697293320131,1.56117406624961,0.723435132887252,10.81595040786,0.897400063428235,2.38102193421798,0.768597208510484,2.39791374624445,48.786068059581,10.81595040786,94.2109897617871,20.5221849899102,30.2284195719604,1.10971582580979,0,0.897400063428235
"forage_fish","Myctophids",2018,"99904","All","AI Region: All Strata",37.603422375208,26.3767759344409,53.6084234799134,NA,NA,NA,NA,NA,NA,NA,NA,46.7446748517599,187.689728136202,60.4446649297199,74.1446550076799,33.0446847738,19.34469469584,0.293081300092607
"forage_fish","Myctophids",2022,"299","Western Aleutians","Western Aleutians",6.38949216673522,5.01136344531968,8.14660732437984,1.85465479210691,0.123954710993035,5.31308420649517,0.551387367116592,1.67017249648591,0.515226122795328,1.93546547268597,14.5850515980187,5.31308420649517,8.58236580671036,8.24265171838329,11.1722192302714,2.38351669460705,0,0.551387367116592
"forage_fish","Myctophids",2022,"3499","Central Aleutians","Central Aleutians",21.8187019137312,12.6809613229319,37.5409829804757,3.08276748797219,0.276875356897363,24.5498968834146,0.488336530977038,3.20070765396346,0.462470344901444,9.91731712925852,60.772225908576,24.5498968834146,143.726805215766,36.5385083633053,48.5271198431959,12.5612854035239,0.572673923633246,0.488336530977038
"forage_fish","Myctophids",2022,"5699","Eastern Aleutians","Eastern Aleutians",7.68847298395516,4.02447991310055,14.6882623597111,2.03972219214226,0.330274693240866,10.6275316450525,0.624336725356739,2.36344795890363,0.573722252655473,3.45206639415763,32.7179190579135,10.6275316450525,44.0253257443168,17.2626899509497,23.8978482568469,3.99237333915531,0,0.624336725356739
"forage_fish","Myctophids",2022,"799","Southern Bering Sea","Southern Bering Sea",0.573272353147934,0.211359983573431,1.55488841987723,-0.556394364287946,0.50909004426057,0.498790172396244,0.588363633018252,-0.695569767863849,0.545219987040522,0.171326993445745,1.45214499522435,0.498790172396244,0.0861246396937528,0.792260170341098,1.08573016828595,0.205320174451389,0,0.588363633018252
"forage_fish","Myctophids",2022,"99904","All","AI Region: All Strata",36.4699394175695,25.5696320775047,52.0170363456785,NA,NA,NA,NA,NA,NA,NA,NA,40.9893029073585,196.420621406487,55.0043170495736,69.0193311917886,26.9742887651435,12.9592746229285,0.341918821451804
"forage_fish","Myctophids",2024,"299","Western Aleutians","Western Aleutians",6.38949218491168,5.01136339049594,8.1466074598528,1.85465479495165,0.123954718026138,5.07654233651723,0.683192356608778,1.62463038743031,0.61891056978103,1.50921245381933,17.0759802764899,5.07654233651723,12.0287922061237,8.54479725882667,12.0130521811361,1.6082874142078,0,0.683192356608778
"forage_fish","Myctophids",2024,"3499","Central Aleutians","Central Aleutians",21.2190884766264,12.2039613857702,36.8937348739805,3.05490117640206,0.28221976422993,12.9545691018188,0.45490971459437,2.56144855231222,0.433694121353811,5.53683863374642,30.3098702553743,12.9545691018188,34.7293269217846,18.8477284346202,24.7408877674217,7.06140976901736,1.16825043621593,0.45490971459437
"forage_fish","Myctophids",2024,"5699","Eastern Aleutians","Eastern Aleutians",7.93400724478856,4.40635310221328,14.2858435309551,2.07115823522363,0.300062069239037,10.9361316395861,0.447493096972685,2.39207213661932,0.427235214234048,4.73369699914635,25.2654479701433,10.9361316395861,23.9497033832564,15.8299750558854,20.7238184721847,6.04228822328672,1.14844480698738,0.447493096972685
"forage_fish","Myctophids",2024,"799","Southern Bering Sea","Southern Bering Sea",0.594125489255237,0.158938812836942,2.22088670905645,-0.52066472055958,0.672752798312651,0.542137611997915,0.990206536762247,-0.612235413093677,0.826652209232052,0.107265954650381,2.74004171501362,0.542137611997915,0.288184524072419,1.07896581922293,1.61579402644794,0.00530940477290454,0,0.990206536762247
"forage_fish","Myctophids",2024,"99904","All","AI Region: All Strata",36.1367133955819,25.3934066603981,51.4252409099156,NA,NA,NA,NA,NA,NA,NA,NA,29.50938068992,70.9960070352371,37.9352935208978,46.3612063518757,21.0834678589422,12.6575550279643,0.285533367152501
"forage_fish","Myctophids",2026,"299","Western Aleutians","Western Aleutians",6.38949221077039,5.01136333556128,8.14660761509582,1.85465479899872,0.123954725683976,24.6352834247786,0.974492205952895,3.20417970089336,0.817093755983812,4.96645033772785,122.199387520067,24.6352834247786,576.330848561966,48.6421751136659,72.6490668025532,0.628391735891316,0,0.974492205952895
"forage_fish","Myctophids",2026,"3499","Central Aleutians","Central Aleutians",25.7185192947336,12.1855765390769,54.2807500812504,3.24721132752298,0.381108189732523,61.7356939495342,0.682213818993071,4.12286227173622,0.618173885693394,18.3800110770126,207.360914607785,61.7356939495342,1773.83693294089,103.852637487033,145.969581024533,19.618750412035,0,0.682213818993071
"forage_fish","Myctophids",2026,"5699","Eastern Aleutians","Eastern Aleutians",6.33593262603888,3.40671668470402,11.7837924186501,1.846237020939,0.316581349165201,5.01095667100143,0.405299691773718,1.6116268491634,0.389990289703239,2.33324482383292,10.7617025449584,5.01095667100143,4.12471401073407,7.04189586524976,9.07283505949809,2.98001747675309,0.94907828250476,0.405299691773718
"forage_fish","Myctophids",2026,"799","Southern Bering Sea","Southern Bering Sea",0.842257781318812,0.28094169409133,2.52507258663241,-0.171669158009969,0.560183236103141,0.887652227290294,0.649144616755539,-0.119175248633702,0.592987668516615,0.277645621241888,2.8378854782189,0.887652227290294,0.332023340041853,1.46386689218685,2.04008155708341,0.311437562393735,0,0.649144616755539
"forage_fish","Myctophids",2026,"99904","All","AI Region: All Strata",39.2862019128617,23.7987200469009,64.8524650778067,NA,NA,NA,NA,NA,NA,NA,NA,92.2695862726045,2354.62451885363,140.7940596737,189.318533074796,43.7451128715089,0,0.525898894330502
